edge_threshold,row_block,column_block,shared_pre,row_input_from_shared,row_input_weight,row_fraction
1,fl_L,fl_L,8912,191672,191672,1.0
1,fl_L,fl_R,385,23525,191672,0.12273571518009933
1,fl_L,ml_L,414,25467,191672,0.13286760716223547
1,fl_L,ml_R,167,6524,191672,0.0340373137443132
1,fl_L,hl_L,340,21085,191672,0.11000563462581911
1,fl_L,hl_R,191,10225,191672,0.053346341667014484
1,fl_L,wm,382,23706,191672,0.12368003672941275
1,fl_L,hm,190,11043,191672,0.057614049000375644
1,fl_L,nm,472,39310,191672,0.20508994532326058
1,fl_L,am,229,17786,191672,0.09279393964689678
1,fl_L,pm,157,13376,191672,0.06978588421887391
1,fl_L,rm,135,9593,191672,0.050049042113610755
1,fl_L,ad,303,19826,191672,0.10343712174965566
1,fl_L,xm,69,6212,191672,0.03240953295212655
1,fl_R,fl_L,385,21632,125316,0.17261961760669028
1,fl_R,fl_R,7142,125316,125316,1.0
1,fl_R,ml_L,149,3475,125316,0.027729898815793675
1,fl_R,ml_R,389,15671,125316,0.12505186887548278
1,fl_R,hl_L,178,7517,125316,0.059984359539085194
1,fl_R,hl_R,292,12625,125316,0.10074531584155255
1,fl_R,wm,357,14588,125316,0.11640971623735197
1,fl_R,hm,148,5895,125316,0.04704108014938236
1,fl_R,nm,441,32816,125316,0.2618660027450605
1,fl_R,am,241,12502,125316,0.09976379712087842
1,fl_R,pm,157,9603,125316,0.07663027865555874
1,fl_R,rm,126,7496,125316,0.05981678317214083
1,fl_R,ad,271,11969,125316,0.0955105493312905
1,fl_R,xm,68,4594,125316,0.036659325225829105
1,ml_L,fl_L,414,36123,225935,0.1598822670237015
1,ml_L,fl_R,149,7039,225935,0.031154978201695178
1,ml_L,ml_L,7508,225935,225935,1.0
1,ml_L,ml_R,300,15604,225935,0.06906411135946179
1,ml_L,hl_L,491,40741,225935,0.18032177396153762
1,ml_L,hl_R,272,19118,225935,0.08461725717573639
1,ml_L,wm,1258,154080,225935,0.68196605218315
1,ml_L,hm,232,16576,225935,0.07336623365127139
1,ml_L,nm,241,22642,225935,0.10021466350941642
1,ml_L,am,138,15026,225935,0.06650585345342687
1,ml_L,pm,81,9837,225935,0.04353907097173966
1,ml_L,rm,61,7751,225935,0.034306327040963105
1,ml_L,ad,461,34543,225935,0.15288910527364064
1,ml_L,xm,213,41188,225935,0.18230021908956115
1,ml_R,fl_L,167,7579,203532,0.03723738773264155
1,ml_R,fl_R,389,30919,203532,0.15191223001788418
1,ml_R,ml_L,300,12466,203532,0.06124835406717371
1,ml_R,ml_R,7098,203532,203532,1.0
1,ml_R,hl_L,263,19419,203532,0.09541005836919993
1,ml_R,hl_R,501,36521,203532,0.1794361574592693
1,ml_R,wm,1428,131743,203532,0.6472839651750093
1,ml_R,hm,198,12923,203532,0.06349370123616925
1,ml_R,nm,249,21647,203532,0.10635673997209284
1,ml_R,am,164,13893,203532,0.06825953658392783
1,ml_R,pm,90,8104,203532,0.03981683469921192
1,ml_R,rm,60,6450,203532,0.031690348446435944
1,ml_R,ad,446,31021,203532,0.1524133797142464
1,ml_R,xm,199,39345,203532,0.19331112552325924
1,hl_L,fl_L,340,23180,195715,0.11843752395064251
1,hl_L,fl_R,178,6040,195715,0.030861201236491838
1,hl_L,ml_L,491,35571,195715,0.1817489717190813
1,hl_L,ml_R,263,8577,195715,0.043823927649899085
1,hl_L,hl_L,9709,195715,195715,1.0
1,hl_L,hl_R,961,61047,195715,0.31191783971591347
1,hl_L,wm,869,35631,195715,0.18205553994328488
1,hl_L,hm,679,36958,195715,0.18883580716858697
1,hl_L,nm,388,18731,195715,0.09570549012594845
1,hl_L,am,196,11964,195715,0.06112970390619012
1,hl_L,pm,85,6288,195715,0.03212834989653322
1,hl_L,rm,112,5073,195715,0.025920343356411107
1,hl_L,ad,1445,108073,195715,0.552195794905858
1,hl_L,xm,200,9452,195715,0.04829471425286769
1,hl_R,fl_L,191,11179,254518,0.043922237327025986
1,hl_R,fl_R,292,28724,254518,0.11285645808940821
1,hl_R,ml_L,272,11627,254518,0.04568242717607399
1,hl_R,ml_R,501,44229,254518,0.173775528646304
1,hl_R,hl_L,961,75588,254518,0.2969848890844655
1,hl_R,hl_R,10807,254518,254518,1.0
1,hl_R,wm,872,43824,254518,0.172184285590803
1,hl_R,hm,620,37518,254518,0.14740804186737283
1,hl_R,nm,371,22644,254518,0.08896816728089958
1,hl_R,am,199,16081,254518,0.06318217179138608
1,hl_R,pm,101,8838,254518,0.03472445956671041
1,hl_R,rm,100,6707,254518,0.026351770798136085
1,hl_R,ad,1450,131316,254518,0.5159399335214012
1,hl_R,xm,217,13914,254518,0.054668039195656104
1,wm,fl_L,382,31268,634511,0.049278893510120395
1,wm,fl_R,357,25842,634511,0.040727426317274246
1,wm,ml_L,1258,81636,634511,0.1286597080271264
1,wm,ml_R,1428,74985,634511,0.1181776202461423
1,wm,hl_L,869,111392,634511,0.17555566412560222
1,wm,hl_R,872,109853,634511,0.17313017426017832
1,wm,wm,19375,634511,634511,1.0
1,wm,hm,2299,238169,634511,0.3753583468214105
1,wm,nm,2000,163958,634511,0.2584005635836101
1,wm,am,729,57302,634511,0.09030891505427013
1,wm,pm,146,13184,634511,0.020778205578784292
1,wm,rm,523,34772,634511,0.054801256400598256
1,wm,ad,2030,251667,634511,0.3966314216774808
1,wm,xm,439,58834,634511,0.09272337280204757
1,hm,fl_L,190,5125,63612,0.08056655976859713
1,hm,fl_R,148,3477,63612,0.05465949820788531
1,hm,ml_L,232,5130,63612,0.08064516129032258
1,hm,ml_R,198,3651,63612,0.057394831163931334
1,hm,hl_L,679,21025,63612,0.33051939885556186
1,hm,hl_R,620,20528,63612,0.32270640759605107
1,hm,wm,2299,49017,63612,0.7705621580833805
1,hm,hm,3922,63612,63612,1.0
1,hm,nm,1391,34868,63612,0.5481355719046721
1,hm,am,411,13286,63612,0.2088599635288939
1,hm,pm,97,2815,63612,0.04425265673143432
1,hm,rm,384,11325,63612,0.17803244670816826
1,hm,ad,1514,36998,63612,0.5816198201597182
1,hm,xm,185,4635,63612,0.07286361063950197
1,nm,fl_L,472,63887,292990,0.21805181064200144
1,nm,fl_R,441,51444,292990,0.17558278439537187
1,nm,ml_L,241,15155,292990,0.05172531485716236
1,nm,ml_R,249,16888,292990,0.05764019249803748
1,nm,hl_L,388,32140,292990,0.10969657667497185
1,nm,hl_R,371,31347,292990,0.10698999965869142
1,nm,wm,2000,140840,292990,0.4806989999658691
1,nm,hm,1391,131106,292990,0.4474760230724598
1,nm,nm,8796,292990,292990,1.0
1,nm,am,1860,192083,292990,0.6555957541213011
1,nm,pm,422,67596,292990,0.2307109457660671
1,nm,rm,1314,176310,292990,0.6017611522577563
1,nm,ad,917,61078,292990,0.20846445271169664
1,nm,xm,126,13503,292990,0.04608689716372572
1,am,fl_L,229,9321,62884,0.14822530373385917
1,am,fl_R,241,10649,62884,0.1693435532090834
1,am,ml_L,138,4977,62884,0.07914572864321608
1,am,ml_R,164,6886,62884,0.1095032122638509
1,am,hl_L,196,7748,62884,0.12321099166719675
1,am,hl_R,199,8396,62884,0.13351567966414352
1,am,wm,729,17848,62884,0.28382418421220024
1,am,hm,411,11429,62884,0.18174734431651932
1,am,nm,1860,50482,62884,0.802779721391769
1,am,am,4921,62884,62884,1.0
1,am,pm,565,24049,62884,0.38243432351631573
1,am,rm,1034,37748,62884,0.6002798804147319
1,am,ad,422,12322,62884,0.19594809490490428
1,am,xm,75,4773,62884,0.07590166019973284
1,pm,fl_L,157,8191,139148,0.05886538074568086
1,pm,fl_R,157,6905,139148,0.04962342254290396
1,pm,ml_L,81,3657,139148,0.026281369477103515
1,pm,ml_R,90,3220,139148,0.023140828470405612
1,pm,hl_L,85,2075,139148,0.014912179837295541
1,pm,hl_R,101,1814,139148,0.013036479144508006
1,pm,wm,146,4806,139148,0.03453876448098427
1,pm,hm,97,3219,139148,0.02313364187771294
1,pm,nm,422,24802,139148,0.1782418719636646
1,pm,am,565,43008,139148,0.30908097852646105
1,pm,pm,7719,139148,139148,1.0
1,pm,rm,292,26543,139148,0.1907537298416075
1,pm,ad,191,3771,139148,0.027100641044068185
1,pm,xm,71,2627,139148,0.018879179003650787
1,rm,fl_L,135,6440,42439,0.15174721364782393
1,rm,fl_R,126,5952,42439,0.14024835646457268
1,rm,ml_L,61,1767,42439,0.04163623082542001
1,rm,ml_R,60,1779,42439,0.04191898960861472
1,rm,hl_L,112,3707,42439,0.08734890077523033
1,rm,hl_R,100,3843,42439,0.09055350031810364
1,rm,wm,523,15335,42439,0.3613421616908975
1,rm,hm,384,13916,42439,0.3279059355781239
1,rm,nm,1314,38715,42439,0.9122505242819106
1,rm,am,1034,35437,42439,0.8350102500058908
1,rm,pm,292,15224,42439,0.35872664294634654
1,rm,rm,2251,42439,42439,1.0
1,rm,ad,283,7611,42439,0.17933975824124038
1,rm,xm,40,1534,42439,0.0361459977850562
1,ad,fl_L,303,28240,785262,0.035962519515779445
1,ad,fl_R,271,26306,785262,0.033499647251490586
1,ad,ml_L,461,37128,785262,0.04728103486479672
1,ad,ml_R,446,38928,785262,0.049573263445830816
1,ad,hl_L,1445,223890,785262,0.28511503167095825
1,ad,hl_R,1450,218451,785262,0.27818868097526683
1,ad,wm,2030,154538,785262,0.19679801136435993
1,ad,hm,1514,142031,785262,0.1808708431071413
1,ad,nm,917,64140,785262,0.08167974510418179
1,ad,am,422,41706,785262,0.053110936222560114
1,ad,pm,191,43395,785262,0.05526181070776378
1,ad,rm,283,21177,785262,0.026968069255866194
1,ad,ad,11861,785262,785262,1.0
1,ad,xm,455,155706,785262,0.1982854130213865
1,xm,fl_L,69,354,6776,0.052243211334120424
1,xm,fl_R,68,336,6776,0.049586776859504134
1,xm,ml_L,213,1402,6776,0.20690672963400236
1,xm,ml_R,199,1243,6776,0.18344155844155843
1,xm,hl_L,200,1398,6776,0.20631641086186542
1,xm,hl_R,217,2071,6776,0.30563754427390794
1,xm,wm,439,3427,6776,0.5057556080283353
1,xm,hm,185,1708,6776,0.25206611570247933
1,xm,nm,126,631,6776,0.09312278630460448
1,xm,am,75,399,6776,0.058884297520661155
1,xm,pm,71,456,6776,0.06729634002361275
1,xm,rm,40,210,6776,0.030991735537190084
1,xm,ad,455,5120,6776,0.755608028335301
1,xm,xm,921,6776,6776,1.0
3,fl_L,fl_L,2259,170440,170440,1.0
3,fl_L,fl_R,195,15974,170440,0.09372213095517484
3,fl_L,ml_L,281,22196,170440,0.13022764609246656
3,fl_L,ml_R,96,5374,170440,0.03153015724008449
3,fl_L,hl_L,215,18679,170440,0.1095928185871861
3,fl_L,hl_R,106,6441,170440,0.037790424782914805
3,fl_L,wm,199,18015,170440,0.10569701947899554
3,fl_L,hm,89,7157,170440,0.04199131659234921
3,fl_L,nm,240,25883,170440,0.1518598920441211
3,fl_L,am,128,12611,170440,0.07399084721896268
3,fl_L,pm,83,9303,170440,0.054582257685989205
3,fl_L,rm,76,7884,170440,0.046256747242431354
3,fl_L,ad,187,16419,170440,0.09633302041774232
3,fl_L,xm,22,3653,170440,0.021432762262379723
3,fl_R,fl_L,195,14112,109246,0.12917635428299434
3,fl_R,fl_R,1765,109246,109246,1.0
3,fl_R,ml_L,85,2846,109246,0.0260512970726617
3,fl_R,ml_R,254,13668,109246,0.12511213225198176
3,fl_R,hl_L,95,4832,109246,0.044230452373542284
3,fl_R,hl_R,196,11222,109246,0.10272229646852059
3,fl_R,wm,180,10691,109246,0.0978617066071069
3,fl_R,hm,60,3246,109246,0.02971275836186222
3,fl_R,nm,225,19803,109246,0.18126979477509475
3,fl_R,am,133,9030,109246,0.08265748860370174
3,fl_R,pm,81,7235,109246,0.06622668106841441
3,fl_R,rm,71,5889,109246,0.053905863830254655
3,fl_R,ad,167,9956,109246,0.09113377148820094
3,fl_R,xm,24,1966,109246,0.017996082236420557
3,ml_L,fl_L,281,30447,208857,0.1457791694795961
3,ml_L,fl_R,85,5071,208857,0.02427977036919998
3,ml_L,ml_L,2113,208857,208857,1.0
3,ml_L,ml_R,167,11090,208857,0.05309853153114332
3,ml_L,hl_L,354,35116,208857,0.16813417793035426
3,ml_L,hl_R,158,13148,208857,0.06295216344197226
3,ml_L,wm,644,115943,208857,0.5551310226614382
3,ml_L,hm,98,11032,208857,0.052820829562810916
3,ml_L,nm,132,18739,208857,0.08972167559622134
3,ml_L,am,76,11702,208857,0.05602876609354726
3,ml_L,pm,46,6919,208857,0.03312792963606678
3,ml_L,rm,32,5548,208857,0.026563629660485404
3,ml_L,ad,279,29106,208857,0.13935850845315215
3,ml_L,xm,76,23494,208857,0.11248844903450686
3,ml_R,fl_L,96,5879,186752,0.031480251884852636
3,ml_R,fl_R,254,26271,186752,0.14067319225496916
3,ml_R,ml_L,167,8298,186752,0.04443325908156272
3,ml_R,ml_R,2043,186752,186752,1.0
3,ml_R,hl_L,155,13369,186752,0.07158691740918437
3,ml_R,hl_R,354,32592,186752,0.17452021932830705
3,ml_R,wm,688,87325,186752,0.4675987405757368
3,ml_R,hm,72,7678,186752,0.041113348183687455
3,ml_R,nm,143,17679,186752,0.09466565284441399
3,ml_R,am,94,10530,186752,0.05638493831391364
3,ml_R,pm,44,5571,186752,0.029831005825908155
3,ml_R,rm,33,5096,186752,0.027287525702535984
3,ml_R,ad,283,25384,186752,0.1359235777930089
3,ml_R,xm,82,23324,186752,0.12489290610006853
3,hl_L,fl_L,215,19889,177030,0.11234818957238886
3,hl_L,fl_R,95,4562,177030,0.025769643563237868
3,hl_L,ml_L,354,32264,177030,0.18225159577472744
3,hl_L,ml_R,155,6149,177030,0.03473422583742868
3,hl_L,hl_L,2450,177030,177030,1.0
3,hl_L,hl_R,546,43289,177030,0.24452917584590184
3,hl_L,wm,489,27378,177030,0.15465175394001016
3,hl_L,hm,312,23064,177030,0.13028300288086764
3,hl_L,nm,208,15184,177030,0.0857707733152573
3,hl_L,am,103,8843,177030,0.049951985539174154
3,hl_L,pm,40,3866,177030,0.021838106535615433
3,hl_L,rm,55,3571,177030,0.020171722306953625
3,hl_L,ad,804,76153,177030,0.4301700276789245
3,hl_L,xm,76,4270,177030,0.024120205614867538
3,hl_R,fl_L,106,8699,231573,0.03756482836945585
3,hl_R,fl_R,196,25484,231573,0.1100473716711361
3,hl_R,ml_L,158,8100,231573,0.03497817103030146
3,hl_R,ml_R,354,40047,231573,0.17293466854944228
3,hl_R,hl_L,546,50337,231573,0.21736990063608452
3,hl_R,hl_R,2881,231573,231573,1.0
3,hl_R,wm,460,33335,231573,0.14395028781420977
3,hl_R,hm,259,19201,231573,0.08291553851269362
3,hl_R,nm,183,19054,231573,0.08228074948288444
3,hl_R,am,109,11861,231573,0.051219269949432794
3,hl_R,pm,41,5307,231573,0.022917179463927143
3,hl_R,rm,44,5245,231573,0.022649445315300144
3,hl_R,ad,763,87319,231573,0.37706900199936955
3,hl_R,xm,76,5600,231573,0.024182439230825702
3,wm,fl_L,199,22222,595973,0.03728692407206367
3,wm,fl_R,180,18209,595973,0.030553397553244863
3,wm,ml_L,644,53821,595973,0.09030778239953824
3,wm,ml_R,688,50006,595973,0.08390648569649968
3,wm,hl_L,489,81522,595973,0.13678807596988454
3,wm,hl_R,460,70296,595973,0.11795165217216216
3,wm,wm,6648,595973,595973,1.0
3,wm,hm,1233,157184,595973,0.2637434917353639
3,wm,nm,1300,112045,595973,0.1880034833792806
3,wm,am,379,42600,595973,0.07147974824362849
3,wm,pm,56,9708,595973,0.01628932854340717
3,wm,rm,337,22414,595973,0.03760908631766875
3,wm,ad,1186,178934,595973,0.300238433620315
3,wm,xm,138,22425,595973,0.03762754352965655
3,hm,fl_L,89,3260,59045,0.05521212634431366
3,hm,fl_R,60,2299,59045,0.03893640443729359
3,hm,ml_L,98,3070,59045,0.05199424168007452
3,hm,ml_R,72,2179,59045,0.036904056228300446
3,hm,hl_L,312,14871,59045,0.251858751799475
3,hm,hl_R,259,13206,59045,0.22365992039969515
3,hm,wm,1233,41727,59045,0.7066982809721399
3,hm,hm,1844,59045,59045,1.0
3,hm,nm,775,29338,59045,0.49687526462867304
3,hm,am,192,8647,59045,0.14644762469303074
3,hm,pm,42,1741,59045,0.029485985265475485
3,hm,rm,202,8677,59045,0.14695571174527902
3,hm,ad,755,30171,59045,0.5109831484461004
3,hm,xm,51,1815,59045,0.030739266661021256
3,nm,fl_L,240,44780,278751,0.16064516360479425
3,nm,fl_R,225,31931,278751,0.11455026170309703
3,nm,ml_L,132,13238,278751,0.0474904125904481
3,nm,ml_R,143,12514,278751,0.04489311249107626
3,nm,hl_L,208,22940,278751,0.08229566889446137
3,nm,hl_R,183,20667,278751,0.07414143805762131
3,nm,wm,1300,110562,278751,0.39663355467783074
3,nm,hm,775,93574,278751,0.335690275550581
3,nm,nm,3435,278751,278751,1.0
3,nm,am,892,150837,278751,0.5411173412830806
3,nm,pm,209,39623,278751,0.14214478154338459
3,nm,rm,718,143986,278751,0.5165398509781131
3,nm,ad,583,51501,278751,0.1847562878698193
3,nm,xm,40,9601,278751,0.034442925765288734
3,am,fl_L,128,7352,57258,0.12840127143805233
3,am,fl_R,133,8599,57258,0.15017988752663383
3,am,ml_L,76,4238,57258,0.07401585804603723
3,am,ml_R,94,5358,57258,0.09357644346641518
3,am,hl_L,103,6144,57258,0.10730378287750184
3,am,hl_R,109,6574,57258,0.11481365049425407
3,am,wm,379,14424,57258,0.25191239652101016
3,am,hm,192,7935,57258,0.13858325474169547
3,am,nm,892,44456,57258,0.7764155227217158
3,am,am,1797,57258,57258,1.0
3,am,pm,253,16145,57258,0.2819693317964302
3,am,rm,482,30473,57258,0.5322051067099793
3,am,ad,224,10511,57258,0.18357260120856475
3,am,xm,30,2981,57258,0.052062593873345206
3,pm,fl_L,83,7225,124747,0.05791722446231172
3,pm,fl_R,81,5251,124747,0.042093196629979075
3,pm,ml_L,46,3301,124747,0.02646155819378422
3,pm,ml_R,44,2304,124747,0.018469382029227155
3,pm,hl_L,40,1409,124747,0.01129486079825567
3,pm,hl_R,41,1083,124747,0.008681571500717453
3,pm,wm,56,2289,124747,0.01834913865664104
3,pm,hm,42,2034,124747,0.0163050013226771
3,pm,nm,209,19898,124747,0.15950684184790015
3,pm,am,253,28287,124747,0.22675495202289433
3,pm,pm,1573,124747,124747,1.0
3,pm,rm,147,19335,124747,0.15499370726350134
3,pm,ad,91,2832,124747,0.02270194874425838
3,pm,xm,28,1400,124747,0.011222714774704
3,rm,fl_L,76,5608,40333,0.13904247142538367
3,rm,fl_R,71,4535,40333,0.11243894577641138
3,rm,ml_L,32,1464,40333,0.03629782064314581
3,rm,ml_R,33,1318,40333,0.032677956016165424
3,rm,hl_L,55,2448,40333,0.06069471648526021
3,rm,hl_R,44,2737,40333,0.06786006495921454
3,rm,wm,337,12276,40333,0.3043661517863784
3,rm,hm,202,11014,40333,0.27307663699699997
3,rm,nm,718,35576,40333,0.8820568765031116
3,rm,am,482,29131,40333,0.7222621674559294
3,rm,pm,147,9480,40333,0.2350432648203704
3,rm,rm,992,40333,40333,1.0
3,rm,ad,178,6060,40333,0.1502491756130216
3,rm,xm,19,1153,40333,0.028587013115810876
3,ad,fl_L,187,21189,742541,0.028535798023274137
3,ad,fl_R,167,20324,742541,0.02737087918377571
3,ad,ml_L,279,30714,742541,0.0413633725275776
3,ad,ml_R,283,31753,742541,0.04276262186195779
3,ad,hl_L,804,175842,742541,0.2368111659827538
3,ad,hl_R,763,159097,742541,0.21426022266783923
3,ad,wm,1186,108091,742541,0.14556906621991245
3,ad,hm,755,97709,742541,0.13158734669196717
3,ad,nm,583,48809,742541,0.06573239726829899
3,ad,am,224,32136,742541,0.043278418296094086
3,ad,pm,91,27165,742541,0.036583838468178864
3,ad,rm,178,14432,742541,0.01943596380536563
3,ad,ad,4594,742541,742541,1.0
3,ad,xm,190,91492,742541,0.12321474504438139
3,xm,fl_L,22,199,5851,0.03401128012305589
3,xm,fl_R,24,214,5851,0.036574944453939495
3,xm,ml_L,76,967,5851,0.1652708938642967
3,xm,ml_R,82,976,5851,0.16680909246282688
3,xm,hl_L,76,878,5851,0.1500598188343873
3,xm,hl_R,76,942,5851,0.16099811997949068
3,xm,wm,138,2280,5851,0.38967697829430864
3,xm,hm,51,779,5851,0.13313963425055547
3,xm,nm,40,337,5851,0.057596991967185096
3,xm,am,30,224,5851,0.038284054007861903
3,xm,pm,28,230,5851,0.03930951974021535
3,xm,rm,19,149,5851,0.025465732353443855
3,xm,ad,190,4358,5851,0.7448299435993847
3,xm,xm,346,5851,5851,1.0
5,fl_L,fl_L,1418,158817,158817,1.0
5,fl_L,fl_R,129,11767,158817,0.07409156450505928
5,fl_L,ml_L,218,20143,158817,0.12683151048061606
5,fl_L,ml_R,75,4287,158817,0.026993331948091198
5,fl_L,hl_L,165,16895,158817,0.10638029933823205
5,fl_L,hl_R,81,5191,158817,0.03268541780791729
5,fl_L,wm,144,14938,158817,0.09405794090053332
5,fl_L,hm,44,4957,158817,0.031212023901723368
5,fl_L,nm,152,21379,158817,0.1346140526517942
5,fl_L,am,87,11050,158817,0.0695769344591574
5,fl_L,pm,52,7538,158817,0.04746343275593923
5,fl_L,rm,49,7066,158817,0.044491458722932684
5,fl_L,ad,132,13920,158817,0.08764804775307429
5,fl_L,xm,10,2120,158817,0.01334869692791074
5,fl_R,fl_L,129,10590,100922,0.10493252214581558
5,fl_R,fl_R,1149,100922,100922,1.0
5,fl_R,ml_L,59,2209,100922,0.02188819088008561
5,fl_R,ml_R,186,12050,100922,0.11939913992984681
5,fl_R,hl_L,59,3124,100922,0.030954598600899705
5,fl_R,hl_R,144,10140,100922,0.10047363310279225
5,fl_R,wm,109,8527,100922,0.08449099304413309
5,fl_R,hm,29,1880,100922,0.01862824755751967
5,fl_R,nm,151,14016,100922,0.13887953072669984
5,fl_R,am,92,7058,100922,0.0699351974792414
5,fl_R,pm,57,5763,100922,0.05710350567765205
5,fl_R,rm,48,4844,100922,0.047997463387566636
5,fl_R,ad,106,8538,100922,0.08459998810962922
5,fl_R,xm,12,1150,100922,0.011394938665504053
5,ml_L,fl_L,218,27441,198864,0.13798877624909486
5,ml_L,fl_R,59,3764,198864,0.018927508246842063
5,ml_L,ml_L,1500,198864,198864,1.0
5,ml_L,ml_R,118,8144,198864,0.040952610829511626
5,ml_L,hl_L,296,31954,198864,0.16068267760881808
5,ml_L,hl_R,125,10692,198864,0.05376538740043447
5,ml_L,wm,477,94610,198864,0.47575227291012956
5,ml_L,hm,56,7348,198864,0.03694987529165661
5,ml_L,nm,101,17346,198864,0.08722544050205165
5,ml_L,am,53,10043,198864,0.050501850510901926
5,ml_L,pm,34,5578,198864,0.028049320138386034
5,ml_L,rm,19,4861,198864,0.024443841016976425
5,ml_L,ad,204,25954,198864,0.13051130420790089
5,ml_L,xm,45,17773,198864,0.08937263657575026
5,ml_R,fl_L,75,4970,177038,0.028073069058620184
5,ml_R,fl_R,186,21744,177038,0.12282108925767349
5,ml_R,ml_L,118,6602,177038,0.03729142895875462
5,ml_R,ml_R,1468,177038,177038,1.0
5,ml_R,hl_L,113,9645,177038,0.05447982918921362
5,ml_R,hl_R,291,29529,177038,0.16679469944305741
5,ml_R,wm,481,68518,177038,0.38702425467978624
5,ml_R,hm,44,5638,177038,0.03184627029225364
5,ml_R,nm,110,15289,177038,0.08635999051051187
5,ml_R,am,72,7649,177038,0.04320541352703939
5,ml_R,pm,37,4879,177038,0.027559055118110236
5,ml_R,rm,25,4227,177038,0.023876229961929077
5,ml_R,ad,199,22312,177038,0.1260294400072301
5,ml_R,xm,48,17729,177038,0.10014234232198738
5,hl_L,fl_L,165,17934,167736,0.10691801402203463
5,hl_L,fl_R,59,3671,167736,0.021885582105212954
5,hl_L,ml_L,296,29618,167736,0.17657509419564077
5,hl_L,ml_R,113,5252,167736,0.03131110793151142
5,hl_L,hl_L,1692,167736,167736,1.0
5,hl_L,hl_R,398,37644,167736,0.2244240950064387
5,hl_L,wm,325,22357,167736,0.1332868316878905
5,hl_L,hm,200,15922,167736,0.09492297419754853
5,hl_L,nm,145,13856,167736,0.08260599990461201
5,hl_L,am,69,7984,167736,0.04759860733533648
5,hl_L,pm,29,3210,167736,0.01913721562455287
5,hl_L,rm,36,3264,167736,0.01945915009300329
5,hl_L,ad,550,60013,167736,0.35778246768731814
5,hl_L,xm,32,2412,167736,0.01437973959078552
5,hl_R,fl_L,81,7547,219185,0.034432100736820494
5,hl_R,fl_R,144,22670,219185,0.10342861053448
5,hl_R,ml_L,125,7238,219185,0.03302233273262312
5,hl_R,ml_R,291,34797,219185,0.1587563017542259
5,hl_R,hl_L,398,40756,219185,0.18594338116203207
5,hl_R,hl_R,1980,219185,219185,1.0
5,hl_R,wm,314,27170,219185,0.12395921253735429
5,hl_R,hm,168,15304,219185,0.06982229623377512
5,hl_R,nm,124,16831,219185,0.07678901384675046
5,hl_R,am,73,8690,219185,0.039646873645550564
5,hl_R,pm,30,4832,219185,0.02204530419508634
5,hl_R,rm,26,4275,219185,0.01950407190273057
5,hl_R,ad,529,69745,219185,0.3182015192645482
5,hl_R,xm,42,3631,219185,0.01656591463831923
5,wm,fl_L,144,19227,572564,0.033580525495839765
5,wm,fl_R,109,15093,572564,0.026360371940953326
5,wm,ml_L,477,41793,572564,0.07299271347831858
5,wm,ml_R,481,39238,572564,0.06853033023382539
5,wm,hl_L,325,65104,572564,0.11370606604676507
5,wm,hl_R,314,56328,572564,0.09837852187703033
5,wm,wm,4834,572564,572564,1.0
5,wm,hm,876,122690,572564,0.21428172221795294
5,wm,nm,979,91825,572564,0.16037508470668782
5,wm,am,256,36093,572564,0.06303749449843161
5,wm,pm,38,8711,572564,0.015214019742771114
5,wm,rm,254,17246,572564,0.03012065026791765
5,wm,ad,866,148341,572564,0.25908195415708984
5,wm,xm,79,9162,572564,0.0160017046129341
5,hm,fl_L,44,2168,56011,0.03870668261591473
5,hm,fl_R,29,1433,56011,0.025584260234596777
5,hm,ml_L,56,2241,56011,0.04000999803610005
5,hm,ml_R,44,1688,56011,0.030136937387298925
5,hm,hl_L,200,11812,56011,0.21088714716752066
5,hm,hl_R,168,9134,56011,0.16307511024620164
5,hm,wm,876,36634,56011,0.6540500973023157
5,hm,hm,1368,56011,56011,1.0
5,hm,nm,571,25549,56011,0.4561425434289693
5,hm,am,129,6757,56011,0.12063701772866044
5,hm,pm,29,1553,56011,0.027726696541750726
5,hm,rm,145,7699,56011,0.13745514273981896
5,hm,ad,519,25786,56011,0.46037385513559836
5,hm,xm,21,631,56011,0.011265644248451197
5,nm,fl_L,152,28109,269385,0.10434508231712976
5,nm,fl_R,151,23783,269385,0.08828628171575997
5,nm,ml_L,101,10926,269385,0.04055905117211426
5,nm,ml_R,110,11248,269385,0.041754366427232396
5,nm,hl_L,145,16539,269385,0.06139540063477922
5,nm,hl_R,124,14657,269385,0.05440911706293966
5,nm,wm,979,89435,269385,0.33199695602947454
5,nm,hm,571,80568,269385,0.2990812406035971
5,nm,nm,2562,269385,269385,1.0
5,nm,am,638,135093,269385,0.5014867197505429
5,nm,pm,149,32690,269385,0.12135048350873286
5,nm,rm,557,128294,269385,0.4762477495034987
5,nm,ad,442,46066,269385,0.17100432466544166
5,nm,xm,24,7592,269385,0.028182712474710915
5,am,fl_L,87,6021,54180,0.11112956810631229
5,am,fl_R,92,6715,54180,0.12393872277593208
5,am,ml_L,53,3121,54180,0.05760428202288667
5,am,ml_R,72,4944,54180,0.0912513842746401
5,am,hl_L,69,4742,54180,0.08752307124400148
5,am,hl_R,73,5207,54180,0.09610557401255075
5,am,wm,256,12579,54180,0.23217054263565892
5,am,hm,129,6763,54180,0.12482465854558877
5,am,nm,638,40223,54180,0.7423957179771133
5,am,am,1258,54180,54180,1.0
5,am,pm,166,12548,54180,0.2315983757844223
5,am,rm,323,25478,54180,0.47024732373569583
5,am,ad,166,9825,54180,0.18133997785160577
5,am,xm,15,2022,54180,0.037320044296788486
5,pm,fl_L,52,4716,118101,0.03993192267635329
5,pm,fl_R,57,4524,118101,0.03830619554449158
5,pm,ml_L,34,2893,118101,0.02449598225247881
5,pm,ml_R,37,1716,118101,0.014529936241014048
5,pm,hl_L,29,1011,118101,0.008560469428709324
5,pm,hl_R,30,913,118101,0.00773067120515491
5,pm,wm,38,1652,118101,0.013988027197060143
5,pm,hm,29,1831,118101,0.015503679054368719
5,pm,nm,149,16589,118101,0.14046451765861423
5,pm,am,166,21455,118101,0.1816665396567345
5,pm,pm,974,118101,118101,1.0
5,pm,rm,88,13742,118101,0.11635803253147729
5,pm,ad,63,2487,118101,0.02105824675489623
5,pm,xm,14,849,118101,0.007188762161201006
5,rm,fl_L,49,3321,39134,0.0848622681044616
5,rm,fl_R,48,3179,39134,0.08123370981754996
5,rm,ml_L,19,1085,39134,0.02772525169928962
5,rm,ml_R,25,1097,39134,0.028031890427761025
5,rm,hl_L,36,1640,39134,0.04190729289109214
5,rm,hl_R,26,1684,39134,0.0430316348954873
5,rm,wm,254,9587,39134,0.24497879082128074
5,rm,hm,145,9462,39134,0.24178463739970357
5,rm,nm,557,34224,39134,0.8745336536004498
5,rm,am,323,26230,39134,0.6702611539837482
5,rm,pm,88,7578,39134,0.19364235702969285
5,rm,rm,743,39134,39134,1.0
5,rm,ad,132,5113,39134,0.13065365155619155
5,rm,xm,11,855,39134,0.021848009403587672
5,ad,fl_L,132,17532,710798,0.02466523541146711
5,ad,fl_R,106,15255,710798,0.021461793646014762
5,ad,ml_L,204,25922,710798,0.03646887019940968
5,ad,ml_R,199,24433,710798,0.03437404157017887
5,ad,hl_L,550,145411,710798,0.20457429536942986
5,ad,hl_R,529,133104,710798,0.1872599528980104
5,ad,wm,866,87818,710798,0.12354846243236475
5,ad,hm,519,82797,710798,0.11648457086260794
5,ad,nm,442,41885,710798,0.05892672742466917
5,ad,am,166,28345,710798,0.0398777149063447
5,ad,pm,63,21745,710798,0.030592376455758175
5,ad,rm,132,12073,710798,0.016985135017262287
5,ad,ad,3295,710798,710798,1.0
5,ad,xm,124,70162,710798,0.09870877520758359
5,xm,fl_L,10,139,5286,0.026295875898600076
5,xm,fl_R,12,104,5286,0.019674612183125235
5,xm,ml_L,45,822,5286,0.15550510783200908
5,xm,ml_R,48,808,5286,0.15285660234581913
5,xm,hl_L,32,493,5286,0.0932652289065456
5,xm,hl_R,42,638,5286,0.12069617858494136
5,xm,wm,79,1696,5286,0.3208475217555808
5,xm,hm,21,318,5286,0.060158910329171394
5,xm,nm,24,251,5286,0.04748391978811956
5,xm,am,15,143,5286,0.0270525917517972
5,xm,pm,14,155,5286,0.029322739311388575
5,xm,rm,11,103,5286,0.019485433219825956
5,xm,ad,124,3289,5286,0.6222096102913356
5,xm,xm,231,5286,5286,1.0
10,fl_L,fl_L,981,139624,139624,1.0
10,fl_L,fl_R,60,6446,139624,0.04616684810634275
10,fl_L,ml_L,128,15965,139624,0.11434280639431617
10,fl_L,ml_R,36,2841,139624,0.020347504726981033
10,fl_L,hl_L,91,12954,139624,0.09277774594625565
10,fl_L,hl_R,44,3561,139624,0.02550421131037644
10,fl_L,wm,72,11390,139624,0.08157623331232453
10,fl_L,hm,18,3390,139624,0.024279493496820032
10,fl_L,nm,81,14869,139624,0.10649315303959205
10,fl_L,am,52,8384,139624,0.06004698332664871
10,fl_L,pm,26,5738,139624,0.0410960866326706
10,fl_L,rm,28,5097,139624,0.036505185354953305
10,fl_L,ad,70,11027,139624,0.07897639374319601
10,fl_L,xm,4,392,139624,0.0028075402509597203
10,fl_R,fl_L,60,6232,88333,0.07055120962720614
10,fl_R,fl_R,799,88333,88333,1.0
10,fl_R,ml_L,29,1200,88333,0.013584956924365753
10,fl_R,ml_R,106,9565,88333,0.10828342748463202
10,fl_R,hl_L,31,2169,88333,0.024554809640791098
10,fl_R,hl_R,83,7941,88333,0.08989845244699037
10,fl_R,wm,54,5801,88333,0.06567194593187144
10,fl_R,hm,12,1331,88333,0.015067981388609014
10,fl_R,nm,67,8818,88333,0.09982679179921433
10,fl_R,am,56,5439,88333,0.061573817259687774
10,fl_R,pm,31,4259,88333,0.04821527628406145
10,fl_R,rm,29,3700,88333,0.041886950516794405
10,fl_R,ad,60,6462,88333,0.07315499303770957
10,fl_R,xm,1,325,88333,0.0036792591670157244
10,ml_L,fl_L,128,20789,181176,0.11474477855786638
10,ml_L,fl_R,29,2191,181176,0.012093213229125271
10,ml_L,ml_L,1116,181176,181176,1.0
10,ml_L,ml_R,75,4450,181176,0.024561752108447035
10,ml_L,hl_L,204,26718,181176,0.14746986355808717
10,ml_L,hl_R,75,7235,181176,0.039933545281935795
10,ml_L,wm,287,62675,181176,0.34593434008919505
10,ml_L,hm,29,5610,181176,0.030964366141210755
10,ml_L,nm,65,14149,181176,0.07809533271514991
10,ml_L,am,34,8596,181176,0.04744557778072151
10,ml_L,pm,20,3857,181176,0.021288691658939374
10,ml_L,rm,14,3514,181176,0.01939550492338941
10,ml_L,ad,134,20975,181176,0.11577140460105091
10,ml_L,xm,19,6990,181176,0.038581269042257255
10,ml_R,fl_L,36,2872,159908,0.017960327188133177
10,ml_R,fl_R,106,16261,159908,0.1016897215899142
10,ml_R,ml_L,75,3802,159908,0.023776171298496636
10,ml_R,ml_R,1075,159908,159908,1.0
10,ml_R,hl_L,67,6900,159908,0.043149811141406307
10,ml_R,hl_R,195,23196,159908,0.14505840858493635
10,ml_R,wm,276,47833,159908,0.29912824874302724
10,ml_R,hm,26,4065,159908,0.025420866998524153
10,ml_R,nm,64,11444,159908,0.07156615053655851
10,ml_R,am,46,6196,159908,0.03874727968581935
10,ml_R,pm,24,3342,159908,0.02089951722240288
10,ml_R,rm,14,2970,159908,0.0185731795782575
10,ml_R,ad,129,18037,159908,0.11279610776196312
10,ml_R,xm,16,5381,159908,0.03365059909447932
10,hl_L,fl_L,91,14231,152707,0.09319153673374501
10,hl_L,fl_R,31,2484,152707,0.016266444891196868
10,hl_L,ml_L,204,24938,152707,0.16330620076355373
10,hl_L,ml_R,67,3618,152707,0.023692430602395436
10,hl_L,hl_L,1211,152707,152707,1.0
10,hl_L,hl_R,234,29047,152707,0.19021393911215595
10,hl_L,wm,175,17700,152707,0.1159082425821999
10,hl_L,hm,99,11151,152707,0.07302219282678593
10,hl_L,nm,73,11464,152707,0.07507186965888925
10,hl_L,am,44,6122,152707,0.04008984525922191
10,hl_L,pm,19,2240,152707,0.014668613750515693
10,hl_L,rm,15,2329,152707,0.015251429207567432
10,hl_L,ad,315,38880,152707,0.25460522438395095
10,hl_L,xm,14,779,152707,0.005101272371273092
10,hl_R,fl_L,44,5753,197748,0.02909258247871028
10,hl_R,fl_R,83,18003,197748,0.09104011165726075
10,hl_R,ml_L,75,5895,197748,0.02981066812306572
10,hl_R,ml_R,195,28909,197748,0.1461911119202217
10,hl_R,hl_L,234,32976,197748,0.16675769160750045
10,hl_R,hl_R,1306,197748,197748,1.0
10,hl_R,wm,154,21001,197748,0.10620082124724396
10,hl_R,hm,81,10645,197748,0.05383113862087101
10,hl_R,nm,63,12570,197748,0.06356575034892895
10,hl_R,am,50,7033,197748,0.03556546716022412
10,hl_R,pm,19,3189,197748,0.016126585351052856
10,hl_R,rm,14,3593,197748,0.01816958957865566
10,hl_R,ad,291,48649,197748,0.24601513036794304
10,hl_R,xm,16,1415,197748,0.007155571737767259
10,wm,fl_L,72,13315,529439,0.02514926176575583
10,wm,fl_R,54,10706,529439,0.020221404165541263
10,wm,ml_L,287,31278,529439,0.05907762745094336
10,wm,ml_R,276,29494,529439,0.055708023020593495
10,wm,hl_L,175,43011,529439,0.08123882071400104
10,wm,hl_R,154,38342,529439,0.07242005216842734
10,wm,wm,3525,529439,529439,1.0
10,wm,hm,502,80176,529439,0.15143576502675474
10,wm,nm,581,62011,529439,0.11712586341391548
10,wm,am,132,29693,529439,0.05608389257308207
10,wm,pm,24,7921,529439,0.014961119222422225
10,wm,rm,139,7602,529439,0.014358594663407871
10,wm,ad,511,108321,529439,0.2045958080156543
10,wm,xm,31,4735,529439,0.008943428799162887
10,hm,fl_L,18,1039,50129,0.020726525564044765
10,hm,fl_R,12,677,50129,0.013505156695725029
10,hm,ml_L,29,1728,50129,0.03447106465319476
10,hm,ml_R,26,1429,50129,0.028506453350356082
10,hm,hl_L,99,7092,50129,0.1414749945141535
10,hm,hl_R,81,5764,50129,0.11498334297512418
10,hm,wm,502,28902,50129,0.5765524945640248
10,hm,hm,899,50129,50129,1.0
10,hm,nm,343,20485,50129,0.40864569410919827
10,hm,am,60,4011,50129,0.08001356500229408
10,hm,pm,16,1083,50129,0.021604261006602964
10,hm,rm,87,5882,50129,0.117337269843803
10,hm,ad,304,19640,50129,0.39178918390552375
10,hm,xm,6,284,50129,0.005665383311057472
10,nm,fl_L,81,19199,251997,0.07618741492954281
10,nm,fl_R,67,14224,251997,0.05644511641011599
10,nm,ml_L,65,9428,251997,0.03741314380726755
10,nm,ml_R,64,9265,251997,0.036766310710048135
10,nm,hl_L,73,11327,251997,0.044948947804934185
10,nm,hl_R,63,11425,251997,0.04533784132350782
10,nm,wm,581,62872,251997,0.24949503367103576
10,nm,hm,343,59217,251997,0.2349908927487232
10,nm,nm,1771,251997,251997,1.0
10,nm,am,391,107732,251997,0.4275130259487216
10,nm,pm,93,21498,251997,0.08531053941118347
10,nm,rm,394,105886,251997,0.42018754191518154
10,nm,ad,257,38004,251997,0.15081131918237123
10,nm,xm,4,1570,251997,0.006230232899598011
10,am,fl_L,52,4490,49184,0.09128985035783994
10,am,fl_R,56,4929,49184,0.10021551724137931
10,am,ml_L,34,2706,49184,0.055017891997397525
10,am,ml_R,46,4071,49184,0.08277081977878985
10,am,hl_L,44,3551,49184,0.07219827586206896
10,am,hl_R,50,4168,49184,0.08474300585556278
10,am,wm,132,10061,49184,0.20455839297332465
10,am,hm,60,4761,49184,0.09679977228366948
10,am,nm,391,33706,49184,0.685304163955758
10,am,am,783,49184,49184,1.0
10,am,pm,88,6185,49184,0.12575227716330514
10,am,rm,189,19120,49184,0.38874430709173713
10,am,ad,105,8495,49184,0.17271877033181524
10,am,xm,5,916,49184,0.01862394274560833
10,pm,fl_L,26,3778,108429,0.03484307703658615
10,pm,fl_R,31,3718,108429,0.03428971953997547
10,pm,ml_L,20,1652,108429,0.015235776406680869
10,pm,ml_R,24,1331,108429,0.012275313799813703
10,pm,hl_L,19,623,108429,0.005745695339807616
10,pm,hl_R,19,712,108429,0.0065665089597801325
10,pm,wm,24,1334,108429,0.012302981674644237
10,pm,hm,16,968,108429,0.008927500945319057
10,pm,nm,93,12863,108429,0.11863062464838742
10,pm,am,88,12611,108429,0.11630652316262255
10,pm,pm,665,108429,108429,1.0
10,pm,rm,49,9983,108429,0.09206946481107453
10,pm,ad,36,1521,108429,0.014027612539080874
10,pm,xm,3,47,108429,0.00043346337234503684
10,rm,fl_L,28,2625,36862,0.07121154576528675
10,rm,fl_R,29,2510,36862,0.06809180185556941
10,rm,ml_L,14,863,36862,0.023411643426835223
10,rm,ml_R,14,982,36862,0.02663990016819489
10,rm,hl_L,15,801,36862,0.021729694536378928
10,rm,hl_R,14,1487,36862,0.04033964516304053
10,rm,wm,139,5976,36862,0.1621181704736585
10,rm,hm,87,6851,36862,0.18585535239542075
10,rm,nm,394,31070,36862,0.8428734197818892
10,rm,am,189,21115,36862,0.5728121100320113
10,rm,pm,49,4726,36862,0.12820791058542672
10,rm,rm,534,36862,36862,1.0
10,rm,ad,67,3749,36862,0.10170365145678477
10,rm,xm,2,67,36862,0.0018175899300092236
10,ad,fl_L,70,11367,652565,0.01741895443365795
10,ad,fl_R,60,11071,652565,0.016965359772589703
10,ad,ml_L,134,18651,652565,0.028581060890486006
10,ad,ml_R,129,18331,652565,0.02809068828392574
10,ad,hl_L,315,102928,652565,0.15772834890010956
10,ad,hl_R,291,77408,652565,0.11862113352692835
10,ad,wm,511,63932,652565,0.09797031713315915
10,ad,hm,304,58964,652565,0.09035728241631102
10,ad,nm,257,29577,652565,0.04532422057572809
10,ad,am,105,21730,652565,0.03329936481423307
10,ad,pm,36,15339,652565,0.02350570441258725
10,ad,rm,67,7416,652565,0.011364385157034165
10,ad,ad,2277,652565,652565,1.0
10,ad,xm,57,40368,652565,0.06186050431757756
10,xm,fl_L,4,51,4243,0.012019797313221777
10,xm,fl_R,1,14,4243,0.0032995522036295072
10,xm,ml_L,19,650,4243,0.15319349516851286
10,xm,ml_R,16,569,4243,0.13410322884751355
10,xm,hl_L,14,302,4243,0.07117605467829366
10,xm,hl_R,16,316,4243,0.07447560688192317
10,xm,wm,31,1116,4243,0.26302144708932357
10,xm,hm,6,110,4243,0.02592505302851756
10,xm,nm,4,70,4243,0.01649776101814754
10,xm,am,5,83,4243,0.019561630921517793
10,xm,pm,3,43,4243,0.010134338911147773
10,xm,rm,2,29,4243,0.006834786707518265
10,xm,ad,57,2316,4243,0.5458402074004243
10,xm,xm,105,4243,4243,1.0
