bodyId,type,instance,superclass,subclass,somaSide,rootSide,somaNeuromere,exitNerve,mancBodyid,mancType,flywireType,status,statusLabel,literature_muscle,literature_action,literature_sources,muscle_bridge_status,limits
10047,MNx02,MNx02_L,cb_motor,pm,L,,,PhN,,,CB0904,Traced,Roughly traced,unassigned,口器/咽頭関連注釈のみ。具体的筋/作用未同定,GUS26,annotation_only,型名/出神経のみから具体的筋や作用を推定しない。
10156,CvN6,CvN6_R,cb_motor,nm,R,,,CvN,,,CB0916,Traced,Roughly traced,VL1 (ventral longitudinal neck muscle),頭部姿勢調整。各型の固定yaw/pitch/roll作用は割り当てない。個別回転軸はGOR24 Fig4i参照,GOR24,exact_type_label_bridge,GOR24 Fig4hでCvN4はVL2のみ、CvN5-8はVL1。固定方向の筋写像ではない。型名照合であり現在のMaleCNS活動ではない。
10331,MN9,MN9_L,cb_motor,pm,L,,,PhN,,,CB0701,Traced,Roughly traced,m9,rostrumを頭部外へ突出（腹側へ）。haustellum伸展との連動,MCK20,exact_type_label_bridge,MN2DとMN4のa/b亜型は2026命名。2020の親型操作を各亜型の独立作用としない。機械的連動と神経回路協調も別。
10383,PS349,PS349_R,cb_motor,rm,R,,,AN,,,CB0804,Traced,Roughly traced,unassigned,網膜注釈のみ。具体的筋/作用未同定,FEN22,annotation_only,型名/出神経のみから具体的筋や作用を推定しない。
10418,GNG649,GNG649_R,cb_motor,am,R,,,AN,,,CB0886,Traced,Roughly traced,unassigned,触角注釈のみ。具体的筋/作用未同定,SUV23;OZD26,annotation_only,型名/出神経のみから具体的筋や作用を推定しない。
10538,MN2Db,MN2Db_R,cb_motor,pm,R,,,MxLbN,,,CB0861,Traced,Prelim Roughly traced,m2D candidate,補助rostrum退縮の亜型候補,MCK20;GUS26,candidate_subtype,MN2DとMN4のa/b亜型は2026命名。2020の親型操作を各亜型の独立作用としない。機械的連動と神経回路協調も別。
10554,GNG648,GNG648_R,cb_motor,nm,R,,LB,CvN,,,CB0913,Traced,Roughly traced,unassigned,頸部注釈のみ。具体的筋/作用未同定,GOR24;BANC26,annotation_only,型名/出神経のみから具体的筋や作用を推定しない。
10619,MN12D,MN12D_R,cb_motor,pm,R,,,PhN,,,CB0914/CB0915,Traced,Prelim Roughly traced,m12D (pharyngeal musculature),咽頭ポンプに関連する筋。各型の詳細作用は今回未検証,MCK20,exact_type_label_bridge,筋同定資料とポンプ作動を区別。MN12DとMN12Vは近接命名で機能類似を含意しない。
10627,CvN5,CvN5_R,cb_motor,nm,R,,LB,CvN,,,CB0838,Traced,Roughly traced,VL1 (ventral longitudinal neck muscle),頭部姿勢調整。各型の固定yaw/pitch/roll作用は割り当てない。個別回転軸はGOR24 Fig4i参照,GOR24,exact_type_label_bridge,GOR24 Fig4hでCvN4はVL2のみ、CvN5-8はVL1。固定方向の筋写像ではない。型名照合であり現在のMaleCNS活動ではない。
10699,GNG648,GNG648_L,cb_motor,nm,L,,LB,CvN,,,CB0913,Traced,Roughly traced,unassigned,頸部注釈のみ。具体的筋/作用未同定,GOR24;BANC26,annotation_only,型名/出神経のみから具体的筋や作用を推定しない。
10738,GNG641,GNG641_L,cb_motor,nm,L,,,CvN,,,CB4212,Traced,Roughly traced,unassigned,頸部注釈のみ。具体的筋/作用未同定,GOR24;BANC26,annotation_only,型名/出神経のみから具体的筋や作用を推定しない。
10754,CvN7,CvN7_L,cb_motor,nm,L,,,CvN,,,CB0831,Traced,Roughly traced,VL1 (ventral longitudinal neck muscle),頭部姿勢調整。各型の固定yaw/pitch/roll作用は割り当てない。CvN7はpitch方向が初期姿勢により反転,GOR24,exact_type_label_bridge,GOR24 Fig4hでCvN4はVL2のみ、CvN5-8はVL1。固定方向の筋写像ではない。型名照合であり現在のMaleCNS活動ではない。
10827,GNG651,GNG651_L,cb_motor,am,L,,,AN,,,CB0810,Traced,Roughly traced,unassigned,触角注釈のみ。具体的筋/作用未同定,SUV23;OZD26,annotation_only,型名/出神経のみから具体的筋や作用を推定しない。
10863,,,cb_motor,am,R,,,AN,,,,Traced,Prelim Roughly traced,unassigned,触角注釈のみ。具体的筋/作用未同定,SUV23;OZD26,annotation_only,型名/出神経のみから具体的筋や作用を推定しない。
10927,PS348,PS348(hb1622540849)_R,cb_motor,am,R,,,AN,,,CB0901,Traced,Roughly traced,unassigned,触角注釈のみ。具体的筋/作用未同定,SUV23;OZD26,annotation_only,型名/出神経のみから具体的筋や作用を推定しない。
11051,PS348,PS348_L,cb_motor,am,L,,,AN,,,CB0901,Traced,Roughly traced,unassigned,触角注釈のみ。具体的筋/作用未同定,SUV23;OZD26,annotation_only,型名/出神経のみから具体的筋や作用を推定しない。
11084,MN1,MN1_L,cb_motor,pm,L,,GNG,MxLbN,,,CB0720,Traced,Prelim Roughly traced,m1,rostrum退縮。伸展状態ではhaustellum屈曲も誘起,MCK20,exact_type_label_bridge,MN2DとMN4のa/b亜型は2026命名。2020の親型操作を各亜型の独立作用としない。機械的連動と神経回路協調も別。
11265,PS349,PS349_L,cb_motor,rm,L,,,AN,,,CB0804,Traced,Roughly traced,unassigned,網膜注釈のみ。具体的筋/作用未同定,FEN22,annotation_only,型名/出神経のみから具体的筋や作用を推定しない。
11269,MN11D,MN11D_R,cb_motor,pm,R,,,PhN,,,CB0700,Traced,Roughly traced,m11D (pharyngeal musculature),咽頭ポンプに関連する筋。各型の詳細作用は今回未検証,MCK20,exact_type_label_bridge,筋同定資料とポンプ作動を区別。MN12DとMN12Vは近接命名で機能類似を含意しない。
11316,CvN4,CvN4_L,cb_motor,nm,L,,LB,CvN,,,CB0899,Traced,Roughly traced,VL2 (ventral longitudinal neck muscle),頭部姿勢調整。各型の固定yaw/pitch/roll作用は割り当てない。個別回転軸はGOR24 Fig4i参照,GOR24,exact_type_label_bridge,GOR24 Fig4hでCvN4はVL2のみ、CvN5-8はVL1。固定方向の筋写像ではない。型名照合であり現在のMaleCNS活動ではない。
11354,GNG650,GNG650_R,cb_motor,nm,R,,LB,CvN,,,CB0835,Traced,Roughly traced,unassigned,頸部注釈のみ。具体的筋/作用未同定,GOR24;BANC26,annotation_only,型名/出神経のみから具体的筋や作用を推定しない。
11393,MN11D,MN11D_R,cb_motor,pm,R,,,PhN,,,CB0700,Traced,Roughly traced,m11D (pharyngeal musculature),咽頭ポンプに関連する筋。各型の詳細作用は今回未検証,MCK20,exact_type_label_bridge,筋同定資料とポンプ作動を区別。MN12DとMN12Vは近接命名で機能類似を含意しない。
11403,GNG641,GNG641_R,cb_motor,nm,R,,,CvN,,,CB4212,Traced,Roughly traced,unassigned,頸部注釈のみ。具体的筋/作用未同定,GOR24;BANC26,annotation_only,型名/出神経のみから具体的筋や作用を推定しない。
11450,MN4b,MN4b_R,cb_motor,pm,R,,,MxLbN,,,CB0871,Traced,Roughly traced,m4 candidate,haustellum伸展の亜型候補,MCK20;GUS26,candidate_subtype,MN2DとMN4のa/b亜型は2026命名。2020の親型操作を各亜型の独立作用としない。機械的連動と神経回路協調も別。
11529,GNG652,GNG652_R,cb_motor,am,R,,,AN,,,CB0723,Traced,Roughly traced,unassigned,触角注釈のみ。具体的筋/作用未同定,SUV23;OZD26,annotation_only,型名/出神経のみから具体的筋や作用を推定しない。
11861,MN10,MN10_R,cb_motor,pm,R,,,PhN,,,MN10,Traced,Prelim Roughly traced,m10 (pharyngeal musculature),咽頭ポンプに関連する筋。各型の詳細作用は今回未検証,MCK20,exact_type_label_bridge,筋同定資料とポンプ作動を区別。MN12DとMN12Vは近接命名で機能類似を含意しない。
11879,GNG276,GNG276_L,cb_motor,nm,L,,LB,CvN,,,CB0705,Traced,Roughly traced,unassigned,頸部注釈のみ。具体的筋/作用未同定,GOR24;BANC26,annotation_only,型名/出神経のみから具体的筋や作用を推定しない。
11934,GNG650,GNG650_L,cb_motor,nm,L,,LB,CvN,,,CB0835,Traced,Roughly traced,unassigned,頸部注釈のみ。具体的筋/作用未同定,GOR24;BANC26,annotation_only,型名/出神経のみから具体的筋や作用を推定しない。
11979,GNG651,GNG651_R,cb_motor,am,R,,,AN,,,CB0810,Traced,Roughly traced,unassigned,触角注釈のみ。具体的筋/作用未同定,SUV23;OZD26,annotation_only,型名/出神経のみから具体的筋や作用を推定しない。
12076,GNG647,GNG647_R,cb_motor,rm,R,,,ON,,,CB0918,Traced,Roughly traced,unassigned,網膜注釈のみ。具体的筋/作用未同定,FEN22,annotation_only,型名/出神経のみから具体的筋や作用を推定しない。
12097,GNG283,GNG283_L,cb_motor,nm,L,,LB,CvN,,,CB0705,Traced,Roughly traced,unassigned,頸部注釈のみ。具体的筋/作用未同定,GOR24;BANC26,annotation_only,型名/出神経のみから具体的筋や作用を推定しない。
12126,GNG647,GNG647_L,cb_motor,rm,L,,,ON,,,CB0918,Traced,Roughly traced,unassigned,網膜注釈のみ。具体的筋/作用未同定,FEN22,annotation_only,型名/出神経のみから具体的筋や作用を推定しない。
12141,CvN4,CvN4_R,cb_motor,nm,R,,LB,CvN,,,CB0899,Traced,Roughly traced,VL2 (ventral longitudinal neck muscle),頭部姿勢調整。各型の固定yaw/pitch/roll作用は割り当てない。個別回転軸はGOR24 Fig4i参照,GOR24,exact_type_label_bridge,GOR24 Fig4hでCvN4はVL2のみ、CvN5-8はVL1。固定方向の筋写像ではない。型名照合であり現在のMaleCNS活動ではない。
12173,GNG314,GNG314_L,cb_motor,rm,L,,,ON,,,CB0004,Traced,Roughly traced,unassigned,網膜注釈のみ。具体的筋/作用未同定,FEN22,annotation_only,型名/出神経のみから具体的筋や作用を推定しない。
12180,GNG653,GNG653_L,cb_motor,nm,L,,LB,CvN,,,CB0706,Traced,Roughly traced,unassigned,頸部注釈のみ。具体的筋/作用未同定,GOR24;BANC26,annotation_only,型名/出神経のみから具体的筋や作用を推定しない。
12342,GNG276,GNG276_R,cb_motor,nm,R,,LB,CvN,,,CB0705,Traced,Roughly traced,unassigned,頸部注釈のみ。具体的筋/作用未同定,GOR24;BANC26,annotation_only,型名/出神経のみから具体的筋や作用を推定しない。
12631,GNG314,GNG314_R,cb_motor,rm,R,,,ON,,,CB0004,Traced,Roughly traced,unassigned,網膜注釈のみ。具体的筋/作用未同定,FEN22,annotation_only,型名/出神経のみから具体的筋や作用を推定しない。
12642,GNG649,GNG649_L,cb_motor,am,L,,,AN,,,CB0886,Traced,Roughly traced,unassigned,触角注釈のみ。具体的筋/作用未同定,SUV23;OZD26,annotation_only,型名/出神経のみから具体的筋や作用を推定しない。
12657,GNG668,GNG668_R,cb_motor,am,R,,,AN,,,CB0750,Traced,Roughly traced,unassigned,触角注釈のみ。具体的筋/作用未同定,SUV23;OZD26,annotation_only,型名/出神経のみから具体的筋や作用を推定しない。
12845,GNG133,GNG133_L,cb_motor,am,L,,LB,AN,,,CB0873,Traced,Prelim Roughly traced,unassigned,触角注釈のみ。具体的筋/作用未同定,SUV23;OZD26,annotation_only,型名/出神経のみから具体的筋や作用を推定しない。
13128,GNG653,GNG653_R,cb_motor,nm,R,,LB,CvN,,,CB0706,Traced,Roughly traced,unassigned,頸部注釈のみ。具体的筋/作用未同定,GOR24;BANC26,annotation_only,型名/出神経のみから具体的筋や作用を推定しない。
13359,MN5,MN5_R,cb_motor,pm,R,,,PhN,,,CB0728,Traced,Prelim Roughly traced,m5 (pharyngeal musculature),咽頭ポンプに関連する筋。各型の詳細作用は今回未検証,MCK20,exact_type_label_bridge,筋同定資料とポンプ作動を区別。MN12DとMN12Vは近接命名で機能類似を含意しない。
13592,GNG647,GNG647_R,cb_motor,rm,R,,,ON,,,CB0918,Traced,Prelim Roughly traced,unassigned,網膜注釈のみ。具体的筋/作用未同定,FEN22,annotation_only,型名/出神経のみから具体的筋や作用を推定しない。
13643,GNG652,GNG652_L,cb_motor,am,L,,,AN,,,CB0723,Traced,Prelim Roughly traced,unassigned,触角注釈のみ。具体的筋/作用未同定,SUV23;OZD26,annotation_only,型名/出神経のみから具体的筋や作用を推定しない。
13812,GNG133,GNG133_R,cb_motor,am,R,,LB,AN,,,CB0873,Traced,Prelim Roughly traced,unassigned,触角注釈のみ。具体的筋/作用未同定,SUV23;OZD26,annotation_only,型名/出神経のみから具体的筋や作用を推定しない。
14237,MN12D,MN12D_L,cb_motor,pm,L,,,PhN,,,CB0914/CB0915,Traced,Roughly traced,m12D (pharyngeal musculature),咽頭ポンプに関連する筋。各型の詳細作用は今回未検証,MCK20,exact_type_label_bridge,筋同定資料とポンプ作動を区別。MN12DとMN12Vは近接命名で機能類似を含意しない。
14780,MN2Da,MN2Da_L,cb_motor,pm,L,,,MxLbN,,,CB0789,Traced,Roughly traced,m2D candidate,補助rostrum退縮,MCK20;GUS26,candidate_subtype,MN2DとMN4のa/b亜型は2026命名。2020の親型操作を各亜型の独立作用としない。機械的連動と神経回路協調も別。
14907,MN13,MN13_L,cb_motor,pm,L,,,MxLbN,,,CB0836,Traced,Roughly traced,m13,具体的運動作用を今回未確定,MCK20,muscle_identity_only,文献の機能標本とMaleCNSは別個体。型名対応のみで生理を同定しない。
15140,GNG668,GNG668_L,cb_motor,am,L,,,AN,,,CB0750,Traced,Roughly traced,unassigned,触角注釈のみ。具体的筋/作用未同定,SUV23;OZD26,annotation_only,型名/出神経のみから具体的筋や作用を推定しない。
15530,MN1,MN1_L,cb_motor,pm,L,,GNG,MxLbN,,,CB0720,Traced,Prelim Roughly traced,m1,rostrum退縮。伸展状態ではhaustellum屈曲も誘起,MCK20,exact_type_label_bridge,MN2DとMN4のa/b亜型は2026命名。2020の親型操作を各亜型の独立作用としない。機械的連動と神経回路協調も別。
16134,MN7,MN7_L,cb_motor,pm,L,,,MxLbN,,,CB0762,Traced,Roughly traced,m7,labella外転/開口,MCK20,exact_type_label_bridge,MN2DとMN4のa/b亜型は2026命名。2020の親型操作を各亜型の独立作用としない。機械的連動と神経回路協調も別。
16361,MNx03,MNx03_L,cb_motor,pm,L,,,PhN,,,MNx03,Traced,Prelim Roughly traced,unassigned,口器/咽頭関連注釈のみ。具体的筋/作用未同定,GUS26,annotation_only,型名/出神経のみから具体的筋や作用を推定しない。
16827,MN8,MN8_L,cb_motor,pm,L,,,MxLbN,,,CB0911,Traced,Prelim Roughly traced,m8,具体的運動作用を今回未確定,MCK20,muscle_identity_only,文献の機能標本とMaleCNSは別個体。型名対応のみで生理を同定しない。
16892,MN7,MN7_L,cb_motor,pm,L,,,MxLbN,,,CB0762,Traced,Roughly traced,m7,labella外転/開口,MCK20,exact_type_label_bridge,MN2DとMN4のa/b亜型は2026命名。2020の親型操作を各亜型の独立作用としない。機械的連動と神経回路協調も別。
16949,MN9,MN9_R,cb_motor,pm,R,,,PhN,,,CB0701,Traced,RT Hard to trace,m9,rostrumを頭部外へ突出（腹側へ）。haustellum伸展との連動,MCK20,exact_type_label_bridge,MN2DとMN4のa/b亜型は2026命名。2020の親型操作を各亜型の独立作用としない。機械的連動と神経回路協調も別。
17281,MN2Db,MN2Db_L,cb_motor,pm,L,,,MxLbN,,,CB0861,Traced,Prelim Roughly traced,m2D candidate,補助rostrum退縮の亜型候補,MCK20;GUS26,candidate_subtype,MN2DとMN4のa/b亜型は2026命名。2020の親型操作を各亜型の独立作用としない。機械的連動と神経回路協調も別。
17495,MN7,MN7_R,cb_motor,pm,R,,,MxLbN,,,CB0762,Traced,RT Hard to trace,m7,labella外転/開口,MCK20,exact_type_label_bridge,MN2DとMN4のa/b亜型は2026命名。2020の親型操作を各亜型の独立作用としない。機械的連動と神経回路協調も別。
18295,MN4a,MN4a_L,cb_motor,pm,L,,,MxLbN,,,CB0845,Traced,Prelim Roughly traced,m4 candidate,haustellum伸展,MCK20;GUS26,candidate_subtype,MN2DとMN4のa/b亜型は2026命名。2020の親型操作を各亜型の独立作用としない。機械的連動と神経回路協調も別。
19296,MNx01,MNx01_R,cb_motor,pm,R,,,PhN,,,MNx01,Traced,Roughly traced,unassigned,口器/咽頭関連注釈のみ。具体的筋/作用未同定,GUS26,annotation_only,型名/出神経のみから具体的筋や作用を推定しない。
19823,CEM,CEM_L,cb_motor,pm,L,,,PhN,,,CEM,Traced,Prelim Roughly traced,crop-duct entry muscles,嗉嚢入口の流入を調節。刺激で糖液の嗉嚢流入が停止し、解除後再開,CUI24pre;GUS26,exact_type_label_bridge,直接機能資料は未査読Cui2024v1。口器の動きとは分離。CEM全6注釈の各個別活動ではない。
20173,MN8,MN8_R,cb_motor,pm,R,,,MxLbN,,,CB0911,Traced,Prelim Roughly traced,m8,具体的運動作用を今回未確定,MCK20,muscle_identity_only,文献の機能標本とMaleCNSは別個体。型名対応のみで生理を同定しない。
20518,CEM,CEM_L,cb_motor,pm,L,,,PhN,,,CEM,Traced,PRT Orphan,crop-duct entry muscles,嗉嚢入口の流入を調節。刺激で糖液の嗉嚢流入が停止し、解除後再開,CUI24pre;GUS26,exact_type_label_bridge,直接機能資料は未査読Cui2024v1。口器の動きとは分離。CEM全6注釈の各個別活動ではない。
20600,MNx03,MNx03_L,cb_motor,pm,L,,,PhN,,,MNx03,Traced,Prelim Roughly traced,unassigned,口器/咽頭関連注釈のみ。具体的筋/作用未同定,GUS26,annotation_only,型名/出神経のみから具体的筋や作用を推定しない。
23511,CEM,CEM_R,cb_motor,pm,R,,,PhN,,,CEM,Traced,Prelim Roughly traced,crop-duct entry muscles,嗉嚢入口の流入を調節。刺激で糖液の嗉嚢流入が停止し、解除後再開,CUI24pre;GUS26,exact_type_label_bridge,直接機能資料は未査読Cui2024v1。口器の動きとは分離。CEM全6注釈の各個別活動ではない。
24511,MNx03,MNx03_R,cb_motor,pm,R,,,PhN,,,MNx03,Traced,Prelim Roughly traced,unassigned,口器/咽頭関連注釈のみ。具体的筋/作用未同定,GUS26,annotation_only,型名/出神経のみから具体的筋や作用を推定しない。
24808,MNx05,MNx05_R,cb_motor,pm,R,,,PhN,,,CB0769,Traced,Prelim Roughly traced,unassigned,口器/咽頭関連注釈のみ。具体的筋/作用未同定,GUS26,annotation_only,型名/出神経のみから具体的筋や作用を推定しない。
26137,MNx02,MNx02_R,cb_motor,pm,R,,,PhN,,,CB0904,Traced,RT Hard to trace,unassigned,口器/咽頭関連注釈のみ。具体的筋/作用未同定,GUS26,annotation_only,型名/出神経のみから具体的筋や作用を推定しない。
27938,MN4a,MN4a_R,cb_motor,pm,R,,,MxLbN,,,CB0845,Traced,RT Hard to trace,m4 candidate,haustellum伸展,MCK20;GUS26,candidate_subtype,MN2DとMN4のa/b亜型は2026命名。2020の親型操作を各亜型の独立作用としない。機械的連動と神経回路協調も別。
30780,MN13,MN13_R,cb_motor,pm,R,,,MxLbN,,,CB0836,Traced,RT Hard to trace,m13,具体的運動作用を今回未確定,MCK20,muscle_identity_only,文献の機能標本とMaleCNSは別個体。型名対応のみで生理を同定しない。
32092,MN7,MN7_R,cb_motor,pm,R,,,MxLbN,,,CB0762,Traced,RT Hard to trace,m7,labella外転/開口,MCK20,exact_type_label_bridge,MN2DとMN4のa/b亜型は2026命名。2020の親型操作を各亜型の独立作用としない。機械的連動と神経回路協調も別。
32852,CEM,CEM_L,cb_motor,pm,L,,,PhN,,,CEM,Traced,Prelim Roughly traced,crop-duct entry muscles,嗉嚢入口の流入を調節。刺激で糖液の嗉嚢流入が停止し、解除後再開,CUI24pre;GUS26,exact_type_label_bridge,直接機能資料は未査読Cui2024v1。口器の動きとは分離。CEM全6注釈の各個別活動ではない。
34597,CEM,CEM_R,cb_motor,pm,R,,,PhN,,,CEM,Traced,Prelim Roughly traced,crop-duct entry muscles,嗉嚢入口の流入を調節。刺激で糖液の嗉嚢流入が停止し、解除後再開,CUI24pre;GUS26,exact_type_label_bridge,直接機能資料は未査読Cui2024v1。口器の動きとは分離。CEM全6注釈の各個別活動ではない。
36368,MN4a,MN4a_L,cb_motor,pm,L,,,MxLbN,,,CB0845,Traced,Prelim Roughly traced,m4 candidate,haustellum伸展,MCK20;GUS26,candidate_subtype,MN2DとMN4のa/b亜型は2026命名。2020の親型操作を各亜型の独立作用としない。機械的連動と神経回路協調も別。
49829,MN11V,MN11V_L,cb_motor,pm,L,,,PhN,,,CB0708,Traced,Prelim Roughly traced,m11V (pharyngeal musculature),咽頭ポンプに関連する筋。各型の詳細作用は今回未検証,MCK20,exact_type_label_bridge,筋同定資料とポンプ作動を区別。MN12DとMN12Vは近接命名で機能類似を含意しない。
85275,MN3L,MN3L_R,cb_motor,pm,R,,,PhN,,,CB0875/CB0882,Traced,Prelim Roughly traced,m3 lateral fibres,haustellum屈曲,MCK20,exact_type_label_bridge,MN2DとMN4のa/b亜型は2026命名。2020の親型操作を各亜型の独立作用としない。機械的連動と神経回路協調も別。
94688,MN3M,MN3M_L,cb_motor,pm,L,,,PhN,,,CB0703,Traced,Prelim Roughly traced,m3 medial fibres,haustellum屈曲,MCK20,exact_type_label_bridge,MN2DとMN4のa/b亜型は2026命名。2020の親型操作を各亜型の独立作用としない。機械的連動と神経回路協調も別。
101002,MNx01,MNx01_L,cb_motor,pm,L,,,PhN,,,MNx01,Traced,Prelim Roughly traced,unassigned,口器/咽頭関連注釈のみ。具体的筋/作用未同定,GUS26,annotation_only,型名/出神経のみから具体的筋や作用を推定しない。
164190,MNad21,MNad21_L,vnc_motor,ad,L,,A1,AbN2,10482.0,MNad21,,Traced,Prelim Roughly traced,unassigned,腹部/尾端注釈のみ。具体的筋/作用未同定,MANC;BANC26,annotation_only,型名/出神経のみから具体的筋や作用を推定しない。
174810,CvN5,CvN5_L,cb_motor,nm,L,,LB,CvN,,,CB0838,Traced,Roughly traced,VL1 (ventral longitudinal neck muscle),頭部姿勢調整。各型の固定yaw/pitch/roll作用は割り当てない。個別回転軸はGOR24 Fig4i参照,GOR24,exact_type_label_bridge,GOR24 Fig4hでCvN4はVL2のみ、CvN5-8はVL1。固定方向の筋写像ではない。型名照合であり現在のMaleCNS活動ではない。
192306,CvN6,CvN6_L,cb_motor,nm,L,,,CvN,,,CB0916,Traced,Roughly traced,VL1 (ventral longitudinal neck muscle),頭部姿勢調整。各型の固定yaw/pitch/roll作用は割り当てない。個別回転軸はGOR24 Fig4i参照,GOR24,exact_type_label_bridge,GOR24 Fig4hでCvN4はVL2のみ、CvN5-8はVL1。固定方向の筋写像ではない。型名照合であり現在のMaleCNS活動ではない。
200682,MNx04,MNx04_R,cb_motor,pm,R,,,PhN,,,CB0715,Traced,Prelim Roughly traced,unassigned,口器/咽頭関連注釈のみ。具体的筋/作用未同定,GUS26,annotation_only,型名/出神経のみから具体的筋や作用を推定しない。
231558,GNG283,GNG283(hb2180780757)_R,cb_motor,nm,R,,LB,CvN,,,CB0705,Traced,Roughly traced,unassigned,頸部注釈のみ。具体的筋/作用未同定,GOR24;BANC26,annotation_only,型名/出神経のみから具体的筋や作用を推定しない。
269067,MN3L,MN3L_L,cb_motor,pm,L,,,PhN,,,CB0875/CB0882,Traced,Prelim Roughly traced,m3 lateral fibres,haustellum屈曲,MCK20,exact_type_label_bridge,MN2DとMN4のa/b亜型は2026命名。2020の親型操作を各亜型の独立作用としない。機械的連動と神経回路協調も別。
440899,MN12D,MN12D_R,cb_motor,pm,R,,,PhN,,,CB0914/CB0915,Traced,Roughly traced,m12D (pharyngeal musculature),咽頭ポンプに関連する筋。各型の詳細作用は今回未検証,MCK20,exact_type_label_bridge,筋同定資料とポンプ作動を区別。MN12DとMN12Vは近接命名で機能類似を含意しない。
482595,CEM,CEM_L,cb_motor,pm,L,,,PhN,,,CEM,Traced,Prelim Roughly traced,crop-duct entry muscles,嗉嚢入口の流入を調節。刺激で糖液の嗉嚢流入が停止し、解除後再開,CUI24pre;GUS26,exact_type_label_bridge,直接機能資料は未査読Cui2024v1。口器の動きとは分離。CEM全6注釈の各個別活動ではない。
511990,MN3L,MN3L_R,cb_motor,pm,R,,,PhN,,,CB0875/CB0882,Traced,Prelim Roughly traced,m3 lateral fibres,haustellum屈曲,MCK20,exact_type_label_bridge,MN2DとMN4のa/b亜型は2026命名。2020の親型操作を各亜型の独立作用としない。機械的連動と神経回路協調も別。
512877,MNx01,MNx01_L,cb_motor,pm,L,,,PhN,,,MNx01,Traced,Roughly traced,unassigned,口器/咽頭関連注釈のみ。具体的筋/作用未同定,GUS26,annotation_only,型名/出神経のみから具体的筋や作用を推定しない。
515060,MN10,MN10_R,cb_motor,pm,R,,,PhN,,,MN10,Traced,Prelim Roughly traced,m10 (pharyngeal musculature),咽頭ポンプに関連する筋。各型の詳細作用は今回未検証,MCK20,exact_type_label_bridge,筋同定資料とポンプ作動を区別。MN12DとMN12Vは近接命名で機能類似を含意しない。
517268,MN2Da,MN2Da_R,cb_motor,pm,R,,,MxLbN,,,CB0789,Traced,Roughly traced,m2D candidate,補助rostrum退縮,MCK20;GUS26,candidate_subtype,MN2DとMN4のa/b亜型は2026命名。2020の親型操作を各亜型の独立作用としない。機械的連動と神経回路協調も別。
518650,MN4b,MN4b_L,cb_motor,pm,L,,,MxLbN,,,CB0871,Traced,Roughly traced,m4 candidate,haustellum伸展の亜型候補,MCK20;GUS26,candidate_subtype,MN2DとMN4のa/b亜型は2026命名。2020の親型操作を各亜型の独立作用としない。機械的連動と神経回路協調も別。
519667,MN6,MN6_R,cb_motor,pm,R,,,MxLbN,,,CB0858,Traced,Prelim Roughly traced,m6,labellum伸展,MCK20,exact_type_label_bridge,MN2DとMN4のa/b亜型は2026命名。2020の親型操作を各亜型の独立作用としない。機械的連動と神経回路協調も別。
519878,MN2V,MN2V_R,cb_motor,pm,R,,,MxLbN,,,CB0783,Traced,Roughly traced,m2V,補助rostrum退縮,MCK20,exact_type_label_bridge,MN2DとMN4のa/b亜型は2026命名。2020の親型操作を各亜型の独立作用としない。機械的連動と神経回路協調も別。
522704,MN4a,MN4a_R,cb_motor,pm,R,,,MxLbN,,,CB0845,Traced,Prelim Roughly traced,m4 candidate,haustellum伸展,MCK20;GUS26,candidate_subtype,MN2DとMN4のa/b亜型は2026命名。2020の親型操作を各亜型の独立作用としない。機械的連動と神経回路協調も別。
524799,MN3M,MN3M_R,cb_motor,pm,R,,,PhN,,,CB0703,Traced,Prelim Roughly traced,m3 medial fibres,haustellum屈曲,MCK20,exact_type_label_bridge,MN2DとMN4のa/b亜型は2026命名。2020の親型操作を各亜型の独立作用としない。機械的連動と神経回路協調も別。
533967,MN12D,MN12D_L,cb_motor,pm,L,,,PhN,,,CB0914/CB0915,Traced,Roughly traced,m12D (pharyngeal musculature),咽頭ポンプに関連する筋。各型の詳細作用は今回未検証,MCK20,exact_type_label_bridge,筋同定資料とポンプ作動を区別。MN12DとMN12Vは近接命名で機能類似を含意しない。
533971,MNx01,MNx01_L,cb_motor,pm,L,,,PhN,,,MNx01,Traced,Prelim Roughly traced,unassigned,口器/咽頭関連注釈のみ。具体的筋/作用未同定,GUS26,annotation_only,型名/出神経のみから具体的筋や作用を推定しない。
535501,MN5,MN5_L,cb_motor,pm,L,,,PhN,,,CB0728,Traced,Prelim Roughly traced,m5 (pharyngeal musculature),咽頭ポンプに関連する筋。各型の詳細作用は今回未検証,MCK20,exact_type_label_bridge,筋同定資料とポンプ作動を区別。MN12DとMN12Vは近接命名で機能類似を含意しない。
551398,MN11D,MN11D_L,cb_motor,pm,L,,,PhN,,,CB0700,Traced,RT Hard to trace,m11D (pharyngeal musculature),咽頭ポンプに関連する筋。各型の詳細作用は今回未検証,MCK20,exact_type_label_bridge,筋同定資料とポンプ作動を区別。MN12DとMN12Vは近接命名で機能類似を含意しない。
555796,MN2V,MN2V_L,cb_motor,pm,L,,,MxLbN,,,CB0783,Traced,Roughly traced,m2V,補助rostrum退縮,MCK20,exact_type_label_bridge,MN2DとMN4のa/b亜型は2026命名。2020の親型操作を各亜型の独立作用としない。機械的連動と神経回路協調も別。
556449,CvN7,CvN7_R,cb_motor,nm,R,,,CvN,,,CB0831,Traced,Roughly traced,VL1 (ventral longitudinal neck muscle),頭部姿勢調整。各型の固定yaw/pitch/roll作用は割り当てない。CvN7はpitch方向が初期姿勢により反転,GOR24,exact_type_label_bridge,GOR24 Fig4hでCvN4はVL2のみ、CvN5-8はVL1。固定方向の筋写像ではない。型名照合であり現在のMaleCNS活動ではない。
556589,MN3L,MN3L_L,cb_motor,pm,L,,,PhN,,,CB0875/CB0882,Traced,Prelim Roughly traced,m3 lateral fibres,haustellum屈曲,MCK20,exact_type_label_bridge,MN2DとMN4のa/b亜型は2026命名。2020の親型操作を各亜型の独立作用としない。機械的連動と神経回路協調も別。
580748,MN1,MN1_R,cb_motor,pm,R,,GNG,MxLbN,,,CB0720,Traced,Prelim Roughly traced,m1,rostrum退縮。伸展状態ではhaustellum屈曲も誘起,MCK20,exact_type_label_bridge,MN2DとMN4のa/b亜型は2026命名。2020の親型操作を各亜型の独立作用としない。機械的連動と神経回路協調も別。
800056,DVMn 1a-c,DVMn 1a-c_R,vnc_motor,wm,R,,T2,ADMN,10733.0,DVMn 1a-c,,Traced,Reviewed,DVM1,間接飛翔動力筋・翅挙上。非同期伸張活性化でDLMと拮抗,AZE24,exact_type_label_bridge,文献の機能標本とMaleCNSは別個体。型名対応のみで生理を同定しない。
800146,TTMn,TTMn_R,vnc_motor,wm,R,,T2,PDMNp,10110.0,TTMn,,Traced,Reviewed,middle-leg tergotrochanter muscle (TTM),中脚跳躍/離陸の脚伸展,AZE24;MANC,exact_type_label_bridge,wm注釈でも翅を直接動かす筋ではない。
800184,MNwm36,MNwm36_L,vnc_motor,wm,L,,T2,MesoAN,10178.0,MNwm36,,Traced,Reviewed,unassigned; pleurosternal candidate,筋/作用未確定,MANC;AZE24,candidate,ps1近似形態。筋支配・神経修飾との識別未確定。
800190,MNwm35,MNwm35_R,vnc_motor,wm,R,,T2,MesoAN,13665.0,MNwm35,,Traced,Reviewed,third axillary iii4 candidate (FANC nomenclature iii2),直接操舵候補,MANC;AZE24,candidate,MANC Fig6でputative。iii2/iii4の文献命名差を同義識別なしに統合しない。
800241,hg1 MN,hg1 MN_L,vnc_motor,wm,L,,T2,ADMN,10123.0,hg1 MN,,Traced,Roughly traced,fourth axillary hg1 / iv1,翅基部硬節を介する直接操舵。単一の固定yaw/pitch/roll作用は今回割り当てない,MANC;AZE24;EHR23,exact_type_label_bridge,文献の機能標本とMaleCNSは別個体。型名対応のみで生理を同定しない。
800248,MNad07,MNad07_L,vnc_motor,ad,L,,A4,AbN4,14768.0,MNad07,,Traced,Reviewed,unassigned,腹部/尾端注釈のみ。具体的筋/作用未同定,MANC;BANC26,annotation_only,型名/出神経のみから具体的筋や作用を推定しない。
800381,i2 MN,i2 MN_L,vnc_motor,wm,L,,T2,ADMN,14390.0,i2 MN,,Traced,Reviewed,first axillary i2,翅基部硬節を介する直接操舵。単一の固定yaw/pitch/roll作用は今回割り当てない,MANC;AZE24;EHR23,exact_type_label_bridge,文献の機能標本とMaleCNSは別個体。型名対応のみで生理を同定しない。
800412,DVMn 1a-c,DVMn 1a-c_L,vnc_motor,wm,L,,T2,ADMN,12330.0,DVMn 1a-c,,Traced,Reviewed,DVM1,間接飛翔動力筋・翅挙上。非同期伸張活性化でDLMと拮抗,AZE24,exact_type_label_bridge,文献の機能標本とMaleCNSは別個体。型名対応のみで生理を同定しない。
800474,MNhm42,MNhm42_R,vnc_motor,hm,R,,T3,AbN1,49582.0,MNhm42,,Traced,Roughly traced,haltere basalar hb1 or hb2 (unordered pair),平均棍操舵,MANC;EHR23,unordered_muscle_pair,hb1/hb2のどちらを各型が支配するかは未決。MANC49582は両型に重複対応。
800478,MNad68,MNad68_L,vnc_motor,ad,L,,A9,AbNT,10094.0,MNad68,,Traced,Reviewed,unassigned,腹部/尾端注釈のみ。具体的筋/作用未同定,MANC;BANC26,annotation_only,型名/出神経のみから具体的筋や作用を推定しない。
800479,MNad49,MNad49_R,vnc_motor,ad,R,,A9,AbNT,13493.0,MNad49,,Traced,Reviewed,unassigned,腹部/尾端注釈のみ。具体的筋/作用未同定,MANC;BANC26,annotation_only,型名/出神経のみから具体的筋や作用を推定しない。
800573,i2 MN,i2 MN_R,vnc_motor,wm,R,,T2,ADMN,10145.0,i2 MN,,Traced,Reviewed,first axillary i2,翅基部硬節を介する直接操舵。単一の固定yaw/pitch/roll作用は今回割り当てない,MANC;AZE24;EHR23,exact_type_label_bridge,文献の機能標本とMaleCNSは別個体。型名対応のみで生理を同定しない。
800577,MNad61,MNad61_L,vnc_motor,ad,L,,A8,AbNT,11265.0,MNad61,,Traced,Reviewed,unassigned,腹部/尾端注釈のみ。具体的筋/作用未同定,MANC;BANC26,annotation_only,型名/出神経のみから具体的筋や作用を推定しない。
800606,MNwm35,MNwm35_L,vnc_motor,wm,L,,T2,MesoAN,11991.0,MNwm35,,Traced,Reviewed,third axillary iii4 candidate (FANC nomenclature iii2),直接操舵候補,MANC;AZE24,candidate,MANC Fig6でputative。iii2/iii4の文献命名差を同義識別なしに統合しない。
800608,MNad19,MNad19_R,vnc_motor,ad,R,,A4,AbN4,11283.0,MNad19,,Traced,Reviewed,unassigned,腹部/尾端注釈のみ。具体的筋/作用未同定,MANC;BANC26,annotation_only,型名/出神経のみから具体的筋や作用を推定しない。
800637,i1 MN,i1 MN_R,vnc_motor,wm,R,,T2,ADMN,10225.0,i1 MN,,Traced,Roughly traced,first axillary i1,翅基部硬節を介する直接操舵。単一の固定yaw/pitch/roll作用は今回割り当てない,MANC;AZE24;EHR23,exact_type_label_bridge,文献の機能標本とMaleCNSは別個体。型名対応のみで生理を同定しない。
800659,MNad22,MNad22_R,vnc_motor,ad,R,,A7,AbNT,11242.0,MNad22,,Traced,Reviewed,unassigned,腹部/尾端注釈のみ。具体的筋/作用未同定,MANC;BANC26,annotation_only,型名/出神経のみから具体的筋や作用を推定しない。
800664,MNad64,MNad64_L,vnc_motor,ad,L,,A9,AbNT,11097.0,MNad64,,Traced,Reviewed,unassigned,腹部/尾端注釈のみ。具体的筋/作用未同定,MANC;BANC26,annotation_only,型名/出神経のみから具体的筋や作用を推定しない。
800696,MNwm36,MNwm36_R,vnc_motor,wm,R,,T2,MesoAN,46457.0,MNwm36,,Traced,Reviewed,unassigned; pleurosternal candidate,筋/作用未確定,MANC;AZE24,candidate,ps1近似形態。筋支配・神経修飾との識別未確定。
800718,DLMn c-f,DLMn c-f_L,vnc_motor,wm,L,,T1,PDMNa,10088.0,DLMn c-f,,Traced,Reviewed,DLM fibres c-f,間接飛翔動力筋・翅下降。非同期伸張活性化の動力を調節,AZE24;HUR23,exact_type_label_bridge,"DLMn a,bは筋2線維を支配する1MN/側。DLMn c-fは4MN/側。論文MN1-5と個別一対一へ再番号付けしない。soma側と筋側は反対になり得る。"
800743,ps1 MN,ps1 MN_R,vnc_motor,wm,R,,T2,MesoAN,10204.0,ps1 MN,,Traced,Reviewed,pleurosternal ps1,胸郭張力/剛性などを変える間接制御・張力筋。動力筋DLM/DVMと区別,MANC;AZE24,exact_type_label_bridge,文献の機能標本とMaleCNSは別個体。型名対応のみで生理を同定しない。
800762,MNad41,MNad41_L,vnc_motor,ad,L,,A1,AbN2,10904.0,MNad41,,Traced,Reviewed,unassigned,腹部/尾端注釈のみ。具体的筋/作用未同定,MANC;BANC26,annotation_only,型名/出神経のみから具体的筋や作用を推定しない。
800847,hg4 MN,hg4 MN_L,vnc_motor,wm,L,,T2,MesoAN,10200.0,hg4 MN,,Traced,Reviewed,fourth axillary hg4 / iv4,翅基部硬節を介する直接操舵。単一の固定yaw/pitch/roll作用は今回割り当てない,MANC;AZE24;EHR23,exact_type_label_bridge,文献の機能標本とMaleCNSは別個体。型名対応のみで生理を同定しない。
800875,MNad33,MNad33_L,vnc_motor,ad,L,,A1,AbN2,15801.0,MNad33,,Traced,Reviewed,unassigned,腹部/尾端注釈のみ。具体的筋/作用未同定,MANC;BANC26,annotation_only,型名/出神経のみから具体的筋や作用を推定しない。
800890,DLMn c-f,DLMn c-f_L,vnc_motor,wm,L,,T1,PDMNa,10014.0,DLMn c-f,,Traced,Reviewed,DLM fibres c-f,間接飛翔動力筋・翅下降。非同期伸張活性化の動力を調節,AZE24;HUR23,exact_type_label_bridge,"DLMn a,bは筋2線維を支配する1MN/側。DLMn c-fは4MN/側。論文MN1-5と個別一対一へ再番号付けしない。soma側と筋側は反対になり得る。"
800899,tp2 MN,tp2 MN_R,vnc_motor,wm,R,,T2,ADMN,10766.0,tp2 MN,,Traced,Reviewed,tergopleural tp2,胸郭張力/剛性などを変える間接制御・張力筋。動力筋DLM/DVMと区別,MANC;AZE24,exact_type_label_bridge,文献の機能標本とMaleCNSは別個体。型名対応のみで生理を同定しない。
800906,hg4 MN,hg4 MN_R,vnc_motor,wm,R,,T2,MesoAN,10433.0,hg4 MN,,Traced,Reviewed,fourth axillary hg4 / iv4,翅基部硬節を介する直接操舵。単一の固定yaw/pitch/roll作用は今回割り当てない,MANC;AZE24;EHR23,exact_type_label_bridge,文献の機能標本とMaleCNSは別個体。型名対応のみで生理を同定しない。
800917,hg1 MN,hg1 MN_R,vnc_motor,wm,R,,T2,ADMN,10011.0,hg1 MN,,Traced,Roughly traced,fourth axillary hg1 / iv1,翅基部硬節を介する直接操舵。単一の固定yaw/pitch/roll作用は今回割り当てない,MANC;AZE24;EHR23,exact_type_label_bridge,文献の機能標本とMaleCNSは別個体。型名対応のみで生理を同定しない。
800928,ps1 MN,ps1 MN_L,vnc_motor,wm,L,,T2,MesoAN,10958.0,ps1 MN,,Traced,Reviewed,pleurosternal ps1,胸郭張力/剛性などを変える間接制御・張力筋。動力筋DLM/DVMと区別,MANC;AZE24,exact_type_label_bridge,文献の機能標本とMaleCNSは別個体。型名対応のみで生理を同定しない。
801020,MNad20,MNad20_L,vnc_motor,ad,L,,A9,AbNT,14983.0,MNad20,,Traced,Reviewed,unassigned,腹部/尾端注釈のみ。具体的筋/作用未同定,MANC;BANC26,annotation_only,型名/出神経のみから具体的筋や作用を推定しない。
801021,hg3 MN,hg3 MN_L,vnc_motor,wm,L,,T2,ADMN,10130.0,hg3 MN,,Traced,Reviewed,fourth axillary hg3 / iv3,翅基部硬節を介する直接操舵。単一の固定yaw/pitch/roll作用は今回割り当てない,MANC;AZE24;EHR23,exact_type_label_bridge,文献の機能標本とMaleCNSは別個体。型名対応のみで生理を同定しない。
801137,b2 MN,b2 MN_L,vnc_motor,wm,L,,T2,ADMN,10131.0,b2 MN,,Traced,Reviewed,basalar b2,両側操作でbody pitch torque/前方stroke角を変える。慢性抑制はpitch PI模型の比例利得を低下,MANC;AZE24;WHI22,exact_type_label_bridge,文献の機能標本とMaleCNSは別個体。型名対応のみで生理を同定しない。
801158,MNad64,MNad64_R,vnc_motor,ad,R,,A9,AbNT,10872.0,MNad64,,Traced,Reviewed,unassigned,腹部/尾端注釈のみ。具体的筋/作用未同定,MANC;BANC26,annotation_only,型名/出神経のみから具体的筋や作用を推定しない。
801185,tpn MN,tpn MN_L,vnc_motor,wm,L,,T2,ADMN,10543.0,tpn MN,,Traced,Reviewed,tergopleural tpn,胸郭張力/剛性などを変える間接制御・張力筋。動力筋DLM/DVMと区別,MANC;AZE24,exact_type_label_bridge,文献の機能標本とMaleCNSは別個体。型名対応のみで生理を同定しない。
801220,i1 MN,i1 MN_L,vnc_motor,wm,L,,T2,ADMN,10115.0,i1 MN,,Traced,Roughly traced,first axillary i1,翅基部硬節を介する直接操舵。単一の固定yaw/pitch/roll作用は今回割り当てない,MANC;AZE24;EHR23,exact_type_label_bridge,文献の機能標本とMaleCNSは別個体。型名対応のみで生理を同定しない。
801292,b3 MN,b3 MN_L,vnc_motor,wm,L,,T2,ADMN,10055.0,b3 MN,,Traced,Reviewed,basalar b3,翅基部硬節を介する直接操舵。単一の固定yaw/pitch/roll作用は今回割り当てない,MANC;AZE24;EHR23,exact_type_label_bridge,文献の機能標本とMaleCNSは別個体。型名対応のみで生理を同定しない。
801295,"DLMn a, b","DLMn a, b_R",vnc_motor,wm,R,,T2,PDMNa,10589.0,"DLMn a, b",,Traced,Reviewed,"DLM fibres a,b",間接飛翔動力筋・翅下降。非同期伸張活性化の動力を調節,AZE24;HUR23,exact_type_label_bridge,"DLMn a,bは筋2線維を支配する1MN/側。DLMn c-fは4MN/側。論文MN1-5と個別一対一へ再番号付けしない。soma側と筋側は反対になり得る。"
801304,MNad42,MNad42_L,vnc_motor,ad,L,,A1,AbN2,10460.0,MNad42,,Traced,Reviewed,unassigned,腹部/尾端注釈のみ。具体的筋/作用未同定,MANC;BANC26,annotation_only,型名/出神経のみから具体的筋や作用を推定しない。
801310,b1 MN,b1 MN_L,vnc_motor,wm,L,,T2,ADMN,10013.0,b1 MN,,Traced,Reviewed,basalar b1,両側操作でbody pitch torque/前方stroke角を変える。慢性抑制はpitch PI模型の積分利得を低下,MANC;AZE24;WHI22,exact_type_label_bridge,文献の機能標本とMaleCNSは別個体。型名対応のみで生理を同定しない。
801319,MNnm13,MNnm13_L,vnc_motor,nm,L,,T1,DProN,13974.0,MNnm13,,Traced,Reviewed,unassigned,頸部注釈のみ。具体的筋/作用未同定,GOR24;BANC26,annotation_only,型名/出神経のみから具体的筋や作用を推定しない。
801350,b2 MN,b2 MN_R,vnc_motor,wm,R,,T2,ADMN,10064.0,b2 MN,,Traced,Reviewed,basalar b2,両側操作でbody pitch torque/前方stroke角を変える。慢性抑制はpitch PI模型の比例利得を低下,MANC;AZE24;WHI22,exact_type_label_bridge,文献の機能標本とMaleCNSは別個体。型名対応のみで生理を同定しない。
801362,MNad41,MNad41_R,vnc_motor,ad,R,,A1,AbN2,10840.0,MNad41,,Traced,Reviewed,unassigned,腹部/尾端注釈のみ。具体的筋/作用未同定,MANC;BANC26,annotation_only,型名/出神経のみから具体的筋や作用を推定しない。
801391,STTMm,STTMm_R,vnc_motor,wm,R,,T2,PDMNp,24493.0,STTMm,,Traced,Reviewed,small TTM-associated MN; TTM or intracoxal muscles 67/68 candidate,未確定：TTM/基節内のdepressor・levator候補,AZE24,candidate,小型2MN/側は筋作用未確定。主TTMnの跳躍作用を転記しない。
801394,MNad67,MNad67_R,vnc_motor,ad,R,,A8,AbNT,10865.0,MNad67,,Traced,Reviewed,unassigned,腹部/尾端注釈のみ。具体的筋/作用未同定,MANC;BANC26,annotation_only,型名/出神経のみから具体的筋や作用を推定しない。
801434,MNad19,MNad19_L,vnc_motor,ad,L,,A4,AbN4,12612.0,MNad19,,Traced,Reviewed,unassigned,腹部/尾端注釈のみ。具体的筋/作用未同定,MANC;BANC26,annotation_only,型名/出神経のみから具体的筋や作用を推定しない。
801491,MNad19,MNad19_R,vnc_motor,ad,R,,A5,AbN4,11768.0,MNad19,,Traced,Reviewed,unassigned,腹部/尾端注釈のみ。具体的筋/作用未同定,MANC;BANC26,annotation_only,型名/出神経のみから具体的筋や作用を推定しない。
801553,MNad05,MNad05_R,vnc_motor,ad,R,,A2,AbN4,14902.0,MNad05,,Traced,Reviewed,unassigned,腹部/尾端注釈のみ。具体的筋/作用未同定,MANC;BANC26,annotation_only,型名/出神経のみから具体的筋や作用を推定しない。
801678,ADNM1 MN,ADNM1 MN_R,vnc_motor,nm,R,,T1,CvN,20860.0,ADNM1,,Traced,Roughly traced,TH1 candidate via CvNA1,頸部作用候補。Gorko CvNA1/2はVNC由来で横走水平筋を支配,GOR24,cross_nomenclature_unverified,ADNMとCvNAの直接同義対応を今回は未検証。筋を確定欄に転記しない。
801815,tpn MN,tpn MN_R,vnc_motor,wm,R,,T2,ADMN,11294.0,tpn MN,,Traced,Reviewed,tergopleural tpn,胸郭張力/剛性などを変える間接制御・張力筋。動力筋DLM/DVMと区別,MANC;AZE24,exact_type_label_bridge,文献の機能標本とMaleCNSは別個体。型名対応のみで生理を同定しない。
801816,DVMn 1a-c,DVMn 1a-c_R,vnc_motor,wm,R,,T2,ADMN,14898.0,DVMn 1a-c,,Traced,Reviewed,DVM1,間接飛翔動力筋・翅挙上。非同期伸張活性化でDLMと拮抗,AZE24,exact_type_label_bridge,文献の機能標本とMaleCNSは別個体。型名対応のみで生理を同定しない。
801895,DLMn c-f,DLMn c-f_L,vnc_motor,wm,L,,T1,PDMNa,10592.0,DLMn c-f,,Traced,Reviewed,DLM fibres c-f,間接飛翔動力筋・翅下降。非同期伸張活性化の動力を調節,AZE24;HUR23,exact_type_label_bridge,"DLMn a,bは筋2線維を支配する1MN/側。DLMn c-fは4MN/側。論文MN1-5と個別一対一へ再番号付けしない。soma側と筋側は反対になり得る。"
801899,MNad42,MNad42_R,vnc_motor,ad,R,,A1,AbN2,10782.0,MNad42,,Traced,Reviewed,unassigned,腹部/尾端注釈のみ。具体的筋/作用未同定,MANC;BANC26,annotation_only,型名/出神経のみから具体的筋や作用を推定しない。
801933,MNhm42,MNhm42_L,vnc_motor,hm,L,,T3,AbN1,10571.0,MNhm42,,Traced,Roughly traced,haltere basalar hb1 or hb2 (unordered pair),平均棍操舵,MANC;EHR23,unordered_muscle_pair,hb1/hb2のどちらを各型が支配するかは未決。MANC49582は両型に重複対応。
801949,tp2 MN,tp2 MN_L,vnc_motor,wm,L,,T2,ADMN,10270.0,tp2 MN,,Traced,Reviewed,tergopleural tp2,胸郭張力/剛性などを変える間接制御・張力筋。動力筋DLM/DVMと区別,MANC;AZE24,exact_type_label_bridge,文献の機能標本とMaleCNSは別個体。型名対応のみで生理を同定しない。
801970,"DLMn a, b","DLMn a, b_L",vnc_motor,wm,L,,T2,PDMNa,10074.0,"DLMn a, b",,Traced,Reviewed,"DLM fibres a,b",間接飛翔動力筋・翅下降。非同期伸張活性化の動力を調節,AZE24;HUR23,exact_type_label_bridge,"DLMn a,bは筋2線維を支配する1MN/側。DLMn c-fは4MN/側。論文MN1-5と個別一対一へ再番号付けしない。soma側と筋側は反対になり得る。"
801998,DLMn c-f,DLMn c-f_R,vnc_motor,wm,R,,T1,PDMNa,10361.0,DLMn c-f,,Traced,Reviewed,DLM fibres c-f,間接飛翔動力筋・翅下降。非同期伸張活性化の動力を調節,AZE24;HUR23,exact_type_label_bridge,"DLMn a,bは筋2線維を支配する1MN/側。DLMn c-fは4MN/側。論文MN1-5と個別一対一へ再番号付けしない。soma側と筋側は反対になり得る。"
802003,MNad01,MNad01_L,vnc_motor,ad,L,,A3,AbN4,29602.0,MNad01,,Traced,Reviewed,unassigned,腹部/尾端注釈のみ。具体的筋/作用未同定,MANC;BANC26,annotation_only,型名/出神経のみから具体的筋や作用を推定しない。
802028,tp1 MN,tp1 MN_R,vnc_motor,wm,R,,T2,ADMN,10778.0,tp1 MN,,Traced,Reviewed,tergopleural tp1,胸郭張力/剛性などを変える間接制御・張力筋。動力筋DLM/DVMと区別,MANC;AZE24,exact_type_label_bridge,文献の機能標本とMaleCNSは別個体。型名対応のみで生理を同定しない。
802055,hi2 MN,hi2 MN_R,vnc_motor,hm,R,,T3,AbN1,16222.0,hi2 MN,,Traced,Reviewed,haltere first axillary hi2,平均棍の直接操舵、感覚帰還を介する翅MN発火位相/動員調整候補,DIC19;EHR23;MANC,candidate,DIC19の標識は複数筋MN。hi2とhiii2の個別機能・MaleCNSの複数候補間対応は未確定。
802114,MNad66,MNad66_L,vnc_motor,ad,L,,A8,AbNT,12526.0,MNad66,,Traced,Reviewed,unassigned,腹部/尾端注釈のみ。具体的筋/作用未同定,MANC;BANC26,annotation_only,型名/出神経のみから具体的筋や作用を推定しない。
802116,MNad65,MNad65_R,vnc_motor,ad,R,,A9,AbNT,10660.0,MNad65,,Traced,Roughly traced,unassigned,腹部/尾端注釈のみ。具体的筋/作用未同定,MANC;BANC26,annotation_only,型名/出神経のみから具体的筋や作用を推定しない。
802120,b3 MN,b3 MN_R,vnc_motor,wm,R,,T2,ADMN,10067.0,b3 MN,,Traced,Reviewed,basalar b3,翅基部硬節を介する直接操舵。単一の固定yaw/pitch/roll作用は今回割り当てない,MANC;AZE24;EHR23,exact_type_label_bridge,文献の機能標本とMaleCNSは別個体。型名対応のみで生理を同定しない。
802130,MNad02,MNad02_L,vnc_motor,ad,L,,A2,AbN3,24225.0,MNad02,,Traced,Reviewed,unassigned,腹部/尾端注釈のみ。具体的筋/作用未同定,MANC;BANC26,annotation_only,型名/出神経のみから具体的筋や作用を推定しない。
802137,MNad19,MNad19_L,vnc_motor,ad,L,,A5,AbN4,10753.0,MNad19,,Traced,Reviewed,unassigned,腹部/尾端注釈のみ。具体的筋/作用未同定,MANC;BANC26,annotation_only,型名/出神経のみから具体的筋や作用を推定しない。
802151,MNnm03,MNnm03_R,vnc_motor,nm,R,,T1,DProN,45594.0,MNnm03,,Traced,Reviewed,unassigned,頸部注釈のみ。具体的筋/作用未同定,GOR24;BANC26,annotation_only,型名/出神経のみから具体的筋や作用を推定しない。
802152,MNnm08,MNnm08_R,vnc_motor,nm,R,,T1,DProN,11954.0,MNnm08,,Traced,Reviewed,unassigned,頸部注釈のみ。具体的筋/作用未同定,GOR24;BANC26,annotation_only,型名/出神経のみから具体的筋や作用を推定しない。
802164,MNad14,MNad14_L,vnc_motor,ad,L,,A5,AbN4,26635.0,MNad14,,Traced,Reviewed,unassigned,腹部/尾端注釈のみ。具体的筋/作用未同定,MANC;BANC26,annotation_only,型名/出神経のみから具体的筋や作用を推定しない。
802201,MNad68,MNad68_R,vnc_motor,ad,R,,A9,AbNT,16631.0,MNad68,,Traced,Reviewed,unassigned,腹部/尾端注釈のみ。具体的筋/作用未同定,MANC;BANC26,annotation_only,型名/出神経のみから具体的筋や作用を推定しない。
802240,MNad62,MNad62_L,vnc_motor,ad,L,,A8,AbNT,19919.0,MNad62,,Traced,Reviewed,unassigned,腹部/尾端注釈のみ。具体的筋/作用未同定,MANC;BANC26,annotation_only,型名/出神経のみから具体的筋や作用を推定しない。
802251,MNad34,MNad34_L,vnc_motor,ad,L,,A1,AbN2,10787.0,MNad34,,Traced,Reviewed,unassigned,腹部/尾端注釈のみ。具体的筋/作用未同定,MANC;BANC26,annotation_only,型名/出神経のみから具体的筋や作用を推定しない。
802252,MNad34,MNad34_R,vnc_motor,ad,R,,A1,AbN2,14095.0,MNad34,,Traced,Reviewed,unassigned,腹部/尾端注釈のみ。具体的筋/作用未同定,MANC;BANC26,annotation_only,型名/出神経のみから具体的筋や作用を推定しない。
802315,tp1 MN,tp1 MN_L,vnc_motor,wm,L,,T2,ADMN,10521.0,tp1 MN,,Traced,Reviewed,tergopleural tp1,胸郭張力/剛性などを変える間接制御・張力筋。動力筋DLM/DVMと区別,MANC;AZE24,exact_type_label_bridge,文献の機能標本とMaleCNSは別個体。型名対応のみで生理を同定しない。
802327,iii3 MN,iii3 MN_R,vnc_motor,wm,R,,T2,MesoAN,10287.0,iii3 MN,,Traced,Reviewed,third axillary iii3,翅基部硬節を介する直接操舵。単一の固定yaw/pitch/roll作用は今回割り当てない,MANC;AZE24;EHR23,exact_type_label_bridge,文献の機能標本とMaleCNSは別個体。型名対応のみで生理を同定しない。
802405,MNad06,MNad06_L,vnc_motor,ad,L,,A3,AbN4,20425.0,MNad06,,Traced,Reviewed,unassigned,腹部/尾端注釈のみ。具体的筋/作用未同定,MANC;BANC26,annotation_only,型名/出神経のみから具体的筋や作用を推定しない。
802413,MNad53,MNad53_L,vnc_motor,ad,L,,A9,AbNT,15615.0,MNad53,,Traced,Reviewed,unassigned,腹部/尾端注釈のみ。具体的筋/作用未同定,MANC;BANC26,annotation_only,型名/出神経のみから具体的筋や作用を推定しない。
802500,MNad40,MNad40_R,vnc_motor,ad,R,,A1,AbN2,14613.0,MNad40,,Traced,Reviewed,unassigned,腹部/尾端注釈のみ。具体的筋/作用未同定,MANC;BANC26,annotation_only,型名/出神経のみから具体的筋や作用を推定しない。
802544,DLMn c-f,DLMn c-f_R,vnc_motor,wm,R,,T1,PDMNa,162240.0,DLMn c-f,,Traced,Reviewed,DLM fibres c-f,間接飛翔動力筋・翅下降。非同期伸張活性化の動力を調節,AZE24;HUR23,exact_type_label_bridge,"DLMn a,bは筋2線維を支配する1MN/側。DLMn c-fは4MN/側。論文MN1-5と個別一対一へ再番号付けしない。soma側と筋側は反対になり得る。"
802579,MNad65,MNad65_L,vnc_motor,ad,L,,A9,AbNT,12975.0,MNad65,,Traced,Roughly traced,unassigned,腹部/尾端注釈のみ。具体的筋/作用未同定,MANC;BANC26,annotation_only,型名/出神経のみから具体的筋や作用を推定しない。
802587,MNad20,MNad20_R,vnc_motor,ad,R,,A8,AbNT,22418.0,MNad20,,Traced,Reviewed,unassigned,腹部/尾端注釈のみ。具体的筋/作用未同定,MANC;BANC26,annotation_only,型名/出神経のみから具体的筋や作用を推定しない。
802659,MNhm03,MNhm03_R,vnc_motor,hm,R,,T3,AbN1,18566.0,MNhm03,,Traced,Reviewed,unassigned haltere-associated muscle,筋/作用未確定,MANC,unassigned,文献の機能標本とMaleCNSは別個体。型名対応のみで生理を同定しない。
802690,MNad30,MNad30_R,vnc_motor,ad,R,,A1,AbN2,17583.0,MNad30,,Traced,Reviewed,unassigned,腹部/尾端注釈のみ。具体的筋/作用未同定,MANC;BANC26,annotation_only,型名/出神経のみから具体的筋や作用を推定しない。
802781,MNnm08,MNnm08_L,vnc_motor,nm,L,,T1,DProN,11059.0,MNnm08,,Traced,Reviewed,unassigned,頸部注釈のみ。具体的筋/作用未同定,GOR24;BANC26,annotation_only,型名/出神経のみから具体的筋や作用を推定しない。
802806,MNhm03,MNhm03_L,vnc_motor,hm,L,,T3,AbN1,10825.0,MNhm03,,Traced,Reviewed,unassigned haltere-associated muscle,筋/作用未確定,MANC,unassigned,文献の機能標本とMaleCNSは別個体。型名対応のみで生理を同定しない。
802835,iii1 MN,iii1 MN_L,vnc_motor,wm,L,,T2,MesoAN,10614.0,iii1 MN,,Traced,Reviewed,third axillary iii1,翅基部硬節を介する直接操舵。単一の固定yaw/pitch/roll作用は今回割り当てない,MANC;AZE24;EHR23,exact_type_label_bridge,文献の機能標本とMaleCNSは別個体。型名対応のみで生理を同定しない。
802837,ps2 MN,ps2 MN_R,vnc_motor,wm,R,,T2,MesoAN,11054.0,ps2 MN,,Traced,Reviewed,pleurosternal ps2,胸郭張力/剛性などを変える間接制御・張力筋。動力筋DLM/DVMと区別,MANC;AZE24,exact_type_label_bridge,文献の機能標本とMaleCNSは別個体。型名対応のみで生理を同定しない。
802907,MNad23,MNad23_R,vnc_motor,ad,R,,A7,AbNT,10505.0,MNad23,,Traced,Reviewed,unassigned,腹部/尾端注釈のみ。具体的筋/作用未同定,MANC;BANC26,annotation_only,型名/出神経のみから具体的筋や作用を推定しない。
802923,MNnm03,MNnm03_L,vnc_motor,nm,L,,T1,DProN,156960.0,MNnm03,,Traced,Prelim Roughly traced,unassigned,頸部注釈のみ。具体的筋/作用未同定,GOR24;BANC26,annotation_only,型名/出神経のみから具体的筋や作用を推定しない。
802937,MNad63,MNad63_L,vnc_motor,ad,L,,A1,AbN2,11428.0,MNad63,,Traced,Reviewed,unassigned,腹部/尾端注釈のみ。具体的筋/作用未同定,MANC;BANC26,annotation_only,型名/出神経のみから具体的筋や作用を推定しない。
802954,MNad53,MNad53_R,vnc_motor,ad,R,,A9,AbNT,10955.0,MNad53,,Traced,Reviewed,unassigned,腹部/尾端注釈のみ。具体的筋/作用未同定,MANC;BANC26,annotation_only,型名/出神経のみから具体的筋や作用を推定しない。
802980,MNad63,MNad63_R,vnc_motor,ad,R,,A1,AbN2,11375.0,MNad63,,Traced,Reviewed,unassigned,腹部/尾端注釈のみ。具体的筋/作用未同定,MANC;BANC26,annotation_only,型名/出神経のみから具体的筋や作用を推定しない。
803010,MNad17,MNad17_R,vnc_motor,ad,R,,A8,AbNT,23068.0,MNad17,,Traced,Reviewed,unassigned,腹部/尾端注釈のみ。具体的筋/作用未同定,MANC;BANC26,annotation_only,型名/出神経のみから具体的筋や作用を推定しない。
803013,DLMn c-f,DLMn c-f_L,vnc_motor,wm,L,,T1,PDMNa,10892.0,DLMn c-f,,Traced,Reviewed,DLM fibres c-f,間接飛翔動力筋・翅下降。非同期伸張活性化の動力を調節,AZE24;HUR23,exact_type_label_bridge,"DLMn a,bは筋2線維を支配する1MN/側。DLMn c-fは4MN/側。論文MN1-5と個別一対一へ再番号付けしない。soma側と筋側は反対になり得る。"
803047,MNad15,MNad15_L,vnc_motor,ad,L,,A8,AbN4,102179.0,MNad15,,Traced,Reviewed,unassigned,腹部/尾端注釈のみ。具体的筋/作用未同定,MANC;BANC26,annotation_only,型名/出神経のみから具体的筋や作用を推定しない。
803048,DLMn c-f,DLMn c-f_R,vnc_motor,wm,R,,T1,PDMNa,18309.0,DLMn c-f,,Traced,Reviewed,DLM fibres c-f,間接飛翔動力筋・翅下降。非同期伸張活性化の動力を調節,AZE24;HUR23,exact_type_label_bridge,"DLMn a,bは筋2線維を支配する1MN/側。DLMn c-fは4MN/側。論文MN1-5と個別一対一へ再番号付けしない。soma側と筋側は反対になり得る。"
803070,MNad16,MNad16_L,vnc_motor,ad,L,,A4,AbNT,27193.0,MNad16,,Traced,Reviewed,unassigned,腹部/尾端注釈のみ。具体的筋/作用未同定,MANC;BANC26,annotation_only,型名/出神経のみから具体的筋や作用を推定しない。
803100,iii1 MN,iii1 MN_R,vnc_motor,wm,R,,T2,MesoAN,10129.0,iii1 MN,,Traced,Reviewed,third axillary iii1,翅基部硬節を介する直接操舵。単一の固定yaw/pitch/roll作用は今回割り当てない,MANC;AZE24;EHR23,exact_type_label_bridge,文献の機能標本とMaleCNSは別個体。型名対応のみで生理を同定しない。
803107,MNad08,MNad08_L,vnc_motor,ad,L,,A5,AbN4,32543.0,MNad08,,Traced,Reviewed,unassigned,腹部/尾端注釈のみ。具体的筋/作用未同定,MANC;BANC26,annotation_only,型名/出神経のみから具体的筋や作用を推定しない。
803129,DVMn 1a-c,DVMn 1a-c_R,vnc_motor,wm,R,,T2,ADMN,38723486729.0,DVMn 1a-c,,Traced,Reviewed,DVM1,間接飛翔動力筋・翅挙上。非同期伸張活性化でDLMと拮抗,AZE24,exact_type_label_bridge,文献の機能標本とMaleCNSは別個体。型名対応のみで生理を同定しない。
803215,hDVM MN,hDVM MN_L,vnc_motor,hm,L,,T3,AbN1,14267.0,hDVM MN,,Traced,Reviewed,haltere dorsal ventral power muscle hDVM,平均棍を振動させる非同期動力筋,DIC19;EHR23;MANC,exact_type_label_bridge,文献の機能標本とMaleCNSは別個体。型名対応のみで生理を同定しない。
803241,MNad16,MNad16_R,vnc_motor,ad,R,,A4,AbNT,153863.0,MNad16,,Traced,Reviewed,unassigned,腹部/尾端注釈のみ。具体的筋/作用未同定,MANC;BANC26,annotation_only,型名/出神経のみから具体的筋や作用を推定しない。
803310,MNhm43,MNhm43_L,vnc_motor,hm,L,,T3,AbN1,17216.0,MNhm43,,Traced,Reviewed,haltere basalar hb1 or hb2 (unordered pair),平均棍操舵,MANC;EHR23,unordered_muscle_pair,hb1/hb2のどちらを各型が支配するかは未決。MANC49582は両型に重複対応。
803342,MNad11,MNad11_L,vnc_motor,ad,L,,A4,AbN4,18692.0,MNad11,,Traced,Reviewed,unassigned,腹部/尾端注釈のみ。具体的筋/作用未同定,MANC;BANC26,annotation_only,型名/出神経のみから具体的筋や作用を推定しない。
803378,MNnm11,MNnm11_R,vnc_motor,nm,R,,T1,DProN,23937.0,MNnm11,,Traced,Reviewed,unassigned,頸部注釈のみ。具体的筋/作用未同定,GOR24;BANC26,annotation_only,型名/出神経のみから具体的筋や作用を推定しない。
803451,MNad35,MNad35_L,vnc_motor,ad,L,,A1,AbN2,12756.0,MNad35,,Traced,Reviewed,unassigned,腹部/尾端注釈のみ。具体的筋/作用未同定,MANC;BANC26,annotation_only,型名/出神経のみから具体的筋や作用を推定しない。
803524,MNad15,MNad15_L,vnc_motor,ad,L,,A6,AbN4,16981.0,MNad15,,Traced,Reviewed,unassigned,腹部/尾端注釈のみ。具体的筋/作用未同定,MANC;BANC26,annotation_only,型名/出神経のみから具体的筋や作用を推定しない。
803558,MNnm10,MNnm10_R,vnc_motor,nm,R,,T1,DProN,11033.0,MNnm10,,Traced,Reviewed,unassigned,頸部注釈のみ。具体的筋/作用未同定,GOR24;BANC26,annotation_only,型名/出神経のみから具体的筋や作用を推定しない。
803562,MNad06,MNad06_R,vnc_motor,ad,R,,A4,AbN4,25579.0,MNad06,,Traced,Reviewed,unassigned,腹部/尾端注釈のみ。具体的筋/作用未同定,MANC;BANC26,annotation_only,型名/出神経のみから具体的筋や作用を推定しない。
803582,MNnm10,MNnm10_L,vnc_motor,nm,L,,T1,DProN,178721.0,MNnm10,,Traced,Reviewed,unassigned,頸部注釈のみ。具体的筋/作用未同定,GOR24;BANC26,annotation_only,型名/出神経のみから具体的筋や作用を推定しない。
803589,ps2 MN,ps2 MN_L,vnc_motor,wm,L,,T2,MesoAN,10694.0,ps2 MN,,Traced,Reviewed,pleurosternal ps2,胸郭張力/剛性などを変える間接制御・張力筋。動力筋DLM/DVMと区別,MANC;AZE24,exact_type_label_bridge,文献の機能標本とMaleCNSは別個体。型名対応のみで生理を同定しない。
803599,"DVMn 2a, b","DVMn 2a, b_R",vnc_motor,wm,R,,T2,MesoAN,15098.0,"DVMn 2a, b",,Traced,Reviewed,DVM2,間接飛翔動力筋・翅挙上。非同期伸張活性化でDLMと拮抗,AZE24,exact_type_label_bridge,文献の機能標本とMaleCNSは別個体。型名対応のみで生理を同定しない。
803684,MNad36,MNad36_R,vnc_motor,ad,R,,A1,AbN2,12225.0,MNad36,,Traced,Reviewed,unassigned,腹部/尾端注釈のみ。具体的筋/作用未同定,MANC;BANC26,annotation_only,型名/出神経のみから具体的筋や作用を推定しない。
803690,MNad22,MNad22_L,vnc_motor,ad,L,,A7,AbNT,18864.0,MNad22,,Traced,Reviewed,unassigned,腹部/尾端注釈のみ。具体的筋/作用未同定,MANC;BANC26,annotation_only,型名/出神経のみから具体的筋や作用を推定しない。
803709,MNad15,MNad15_R,vnc_motor,ad,R,,A8,AbN4,11897.0,MNad15,,Traced,Reviewed,unassigned,腹部/尾端注釈のみ。具体的筋/作用未同定,MANC;BANC26,annotation_only,型名/出神経のみから具体的筋や作用を推定しない。
803717,MNad35,MNad35_R,vnc_motor,ad,R,,A1,AbN2,12529.0,MNad35,,Traced,Reviewed,unassigned,腹部/尾端注釈のみ。具体的筋/作用未同定,MANC;BANC26,annotation_only,型名/出神経のみから具体的筋や作用を推定しない。
803732,MNad03,MNad03_R,vnc_motor,ad,R,,A4,AbN4,13219.0,MNad03,,Traced,Reviewed,unassigned,腹部/尾端注釈のみ。具体的筋/作用未同定,MANC;BANC26,annotation_only,型名/出神経のみから具体的筋や作用を推定しない。
803765,MNnm09,MNnm09_R,vnc_motor,nm,R,,T1,DProN,24149.0,MNnm09,,Traced,Reviewed,unassigned,頸部注釈のみ。具体的筋/作用未同定,GOR24;BANC26,annotation_only,型名/出神経のみから具体的筋や作用を推定しない。
803804,MNad14,MNad14_R,vnc_motor,ad,R,,A4,AbN4,16367.0,MNad14,,Traced,Reviewed,unassigned,腹部/尾端注釈のみ。具体的筋/作用未同定,MANC;BANC26,annotation_only,型名/出神経のみから具体的筋や作用を推定しない。
803813,MNad36,MNad36_L,vnc_motor,ad,L,,A1,AbN2,12506.0,MNad36,,Traced,Reviewed,unassigned,腹部/尾端注釈のみ。具体的筋/作用未同定,MANC;BANC26,annotation_only,型名/出神経のみから具体的筋や作用を推定しない。
803891,hg2 MN,hg2 MN_R,vnc_motor,wm,R,,T2,ADMN,12927.0,hg2 MN,,Traced,Reviewed,fourth axillary hg2 / iv2,翅基部硬節を介する直接操舵。単一の固定yaw/pitch/roll作用は今回割り当てない,MANC;AZE24;EHR23,exact_type_label_bridge,文献の機能標本とMaleCNSは別個体。型名対応のみで生理を同定しない。
803904,MNad10,MNad10_L,vnc_motor,ad,L,,A3,AbN4,20611.0,MNad10,,Traced,Reviewed,unassigned,腹部/尾端注釈のみ。具体的筋/作用未同定,MANC;BANC26,annotation_only,型名/出神経のみから具体的筋や作用を推定しない。
803912,MNad10,MNad10_R,vnc_motor,ad,R,,A3,AbN4,27651.0,MNad10,,Traced,Reviewed,unassigned,腹部/尾端注釈のみ。具体的筋/作用未同定,MANC;BANC26,annotation_only,型名/出神経のみから具体的筋や作用を推定しない。
803946,MNad10,MNad10_L,vnc_motor,ad,L,,A2,AbN4,14602.0,MNad10,,Traced,Reviewed,unassigned,腹部/尾端注釈のみ。具体的筋/作用未同定,MANC;BANC26,annotation_only,型名/出神経のみから具体的筋や作用を推定しない。
803982,"DVMn 2a, b","DVMn 2a, b_L",vnc_motor,wm,L,,T2,MesoAN,11663.0,"DVMn 2a, b",,Traced,Reviewed,DVM2,間接飛翔動力筋・翅挙上。非同期伸張活性化でDLMと拮抗,AZE24,exact_type_label_bridge,文献の機能標本とMaleCNSは別個体。型名対応のみで生理を同定しない。
803992,MNad14,MNad14_L,vnc_motor,ad,L,,A3,AbN4,12810.0,MNad14,,Traced,Roughly traced,unassigned,腹部/尾端注釈のみ。具体的筋/作用未同定,MANC;BANC26,annotation_only,型名/出神経のみから具体的筋や作用を推定しない。
804023,MNad61,MNad61_R,vnc_motor,ad,R,,A8,AbNT,13418.0,MNad61,,Traced,Reviewed,unassigned,腹部/尾端注釈のみ。具体的筋/作用未同定,MANC;BANC26,annotation_only,型名/出神経のみから具体的筋や作用を推定しない。
804107,iii3 MN,iii3 MN_L,vnc_motor,wm,L,,T2,MesoAN,100725.0,iii3 MN,,Traced,Reviewed,third axillary iii3,翅基部硬節を介する直接操舵。単一の固定yaw/pitch/roll作用は今回割り当てない,MANC;AZE24;EHR23,exact_type_label_bridge,文献の機能標本とMaleCNSは別個体。型名対応のみで生理を同定しない。
804119,MNad53,MNad53_L,vnc_motor,ad,L,,A9,AbNT,16616.0,MNad53,,Traced,Reviewed,unassigned,腹部/尾端注釈のみ。具体的筋/作用未同定,MANC;BANC26,annotation_only,型名/出神経のみから具体的筋や作用を推定しない。
804131,hg2 MN,hg2 MN_L,vnc_motor,wm,L,,T2,ADMN,22584.0,hg2 MN,,Traced,Reviewed,fourth axillary hg2 / iv2,翅基部硬節を介する直接操舵。単一の固定yaw/pitch/roll作用は今回割り当てない,MANC;AZE24;EHR23,exact_type_label_bridge,文献の機能標本とMaleCNSは別個体。型名対応のみで生理を同定しない。
804173,MNad10,MNad10_R,vnc_motor,ad,R,,A2,AbN4,14469.0,MNad10,,Traced,Reviewed,unassigned,腹部/尾端注釈のみ。具体的筋/作用未同定,MANC;BANC26,annotation_only,型名/出神経のみから具体的筋や作用を推定しない。
804180,MNad14,MNad14_R,vnc_motor,ad,R,,A2,AbN3,15534.0,MNad14,,Traced,Reviewed,unassigned,腹部/尾端注釈のみ。具体的筋/作用未同定,MANC;BANC26,annotation_only,型名/出神経のみから具体的筋や作用を推定しない。
804195,MNad14,MNad14_L,vnc_motor,ad,L,,A4,AbN4,13547.0,MNad14,,Traced,Reviewed,unassigned,腹部/尾端注釈のみ。具体的筋/作用未同定,MANC;BANC26,annotation_only,型名/出神経のみから具体的筋や作用を推定しない。
804245,FNM2,FNM2_R,vnc_motor,nm,R,,T1,DProN,14079.0,FNM2,,Traced,Reviewed,unassigned,頸部注釈のみ。具体的筋/作用未同定,GOR24;BANC26,annotation_only,型名/出神経のみから具体的筋や作用を推定しない。
804301,b1 MN,b1 MN_R,vnc_motor,wm,R,,T2,ADMN,10017.0,b1 MN,,Traced,Reviewed,basalar b1,両側操作でbody pitch torque/前方stroke角を変える。慢性抑制はpitch PI模型の積分利得を低下,MANC;AZE24;WHI22,exact_type_label_bridge,文献の機能標本とMaleCNSは別個体。型名対応のみで生理を同定しない。
804326,MNad14,MNad14_L,vnc_motor,ad,L,,A2,AbN3,12802.0,MNad14,,Traced,Reviewed,unassigned,腹部/尾端注釈のみ。具体的筋/作用未同定,MANC;BANC26,annotation_only,型名/出神経のみから具体的筋や作用を推定しない。
804343,ADNM2 MN,ADNM2 MN_L,vnc_motor,nm,L,,T1,CvN,14549.0,ADNM2,,Traced,Reviewed,TH2 candidate via CvNA2,頸部作用候補。Gorko CvNA1/2はVNC由来で横走水平筋を支配,GOR24,cross_nomenclature_unverified,ADNMとCvNAの直接同義対応を今回は未検証。筋を確定欄に転記しない。
804371,MNad22,MNad22_L,vnc_motor,ad,L,,A6,AbNT,19003.0,MNad22,,Traced,Reviewed,unassigned,腹部/尾端注釈のみ。具体的筋/作用未同定,MANC;BANC26,annotation_only,型名/出神経のみから具体的筋や作用を推定しない。
804398,MNad14,MNad14_R,vnc_motor,ad,R,,A3,AbN4,16431.0,MNad14,,Traced,Roughly traced,unassigned,腹部/尾端注釈のみ。具体的筋/作用未同定,MANC;BANC26,annotation_only,型名/出神経のみから具体的筋や作用を推定しない。
804445,MNad14,MNad14_R,vnc_motor,ad,R,,A5,AbN4,13887.0,MNad14,,Traced,Reviewed,unassigned,腹部/尾端注釈のみ。具体的筋/作用未同定,MANC;BANC26,annotation_only,型名/出神経のみから具体的筋や作用を推定しない。
804625,MNad22,MNad22_R,vnc_motor,ad,R,,A6,AbNT,11545.0,MNad22,,Traced,Reviewed,unassigned,腹部/尾端注釈のみ。具体的筋/作用未同定,MANC;BANC26,annotation_only,型名/出神経のみから具体的筋や作用を推定しない。
804642,TTMn,TTMn_L,vnc_motor,wm,L,,T2,PDMNp,10068.0,TTMn,,Traced,Reviewed,middle-leg tergotrochanter muscle (TTM),中脚跳躍/離陸の脚伸展,AZE24;MANC,exact_type_label_bridge,wm注釈でも翅を直接動かす筋ではない。
804775,MNad20,MNad20_L,vnc_motor,ad,L,,A8,AbNT,19567.0,MNad20,,Traced,Reviewed,unassigned,腹部/尾端注釈のみ。具体的筋/作用未同定,MANC;BANC26,annotation_only,型名/出神経のみから具体的筋や作用を推定しない。
804860,MNad26,MNad26_L,vnc_motor,ad,L,,T3,AbN1,13717.0,MNad26,,Traced,Reviewed,possible haltere-associated effector; unassigned,平均棍候補だが腹部/unknown注釈を保持,MANC,candidate_region_only,出神経と平均棍neuropil形態からの候補。筋支配未同定。腹部出力へも平均棍へも強制分類しない。
804966,MNad10,MNad10_L,vnc_motor,ad,L,,A1,AbN3,13480.0,MNad10,,Traced,Reviewed,unassigned,腹部/尾端注釈のみ。具体的筋/作用未同定,MANC;BANC26,annotation_only,型名/出神経のみから具体的筋や作用を推定しない。
804992,"MNad18,MNad27","MNad18,MNad27_L",vnc_motor,ad,L,,A2,AbN3,12209.0,"MNad18,MNad27",,Traced,Reviewed,unassigned,腹部/尾端注釈のみ。具体的筋/作用未同定,MANC;BANC26,annotation_only,型名/出神経のみから具体的筋や作用を推定しない。
805067,MNad08,MNad08_R,vnc_motor,ad,R,,A5,AbN4,21781.0,MNad08,,Traced,Reviewed,unassigned,腹部/尾端注釈のみ。具体的筋/作用未同定,MANC;BANC26,annotation_only,型名/出神経のみから具体的筋や作用を推定しない。
805107,MNad10,MNad10_R,vnc_motor,ad,R,,A1,AbN3,14123.0,MNad10,,Traced,Reviewed,unassigned,腹部/尾端注釈のみ。具体的筋/作用未同定,MANC;BANC26,annotation_only,型名/出神経のみから具体的筋や作用を推定しない。
805137,hi1 MN,hi1 MN_R,vnc_motor,hm,R,,T3,AbN1,17022.0,hi1 MN,,Traced,Reviewed,haltere first axillary hi1,平均棍の直接操舵、感覚帰還を介する翅MN発火位相/動員調整候補,DIC19;EHR23;MANC,exact_type_label_bridge,DIC19の標識は複数筋MN。hi2とhiii2の個別機能・MaleCNSの複数候補間対応は未確定。
805165,"DVMn 3a, b","DVMn 3a, b_L",vnc_motor,wm,L,,T1,PDMNa,13228.0,"DVMn 3a, b",,Traced,Reviewed,DVM3,間接飛翔動力筋・翅挙上。非同期伸張活性化でDLMと拮抗,AZE24,exact_type_label_bridge,文献の機能標本とMaleCNSは別個体。型名対応のみで生理を同定しない。
805255,MNad32,MNad32_L,vnc_motor,ad,L,,A1,AbN2,14461.0,MNad32,,Traced,Reviewed,unassigned,腹部/尾端注釈のみ。具体的筋/作用未同定,MANC;BANC26,annotation_only,型名/出神経のみから具体的筋や作用を推定しない。
805326,MNad32,MNad32_R,vnc_motor,ad,R,,A1,AbN2,17500.0,MNad32,,Traced,Reviewed,unassigned,腹部/尾端注釈のみ。具体的筋/作用未同定,MANC;BANC26,annotation_only,型名/出神経のみから具体的筋や作用を推定しない。
805511,MNad33,MNad33_R,vnc_motor,ad,R,,A1,AbN2,14341.0,MNad33,,Traced,Reviewed,unassigned,腹部/尾端注釈のみ。具体的筋/作用未同定,MANC;BANC26,annotation_only,型名/出神経のみから具体的筋や作用を推定しない。
805577,MNad02,MNad02_R,vnc_motor,ad,R,,A5,AbN4,18215.0,MNad02,,Traced,Reviewed,unassigned,腹部/尾端注釈のみ。具体的筋/作用未同定,MANC;BANC26,annotation_only,型名/出神経のみから具体的筋や作用を推定しない。
805630,MNad17,MNad17_L,vnc_motor,ad,L,,A10,AbNT,,MNad17,,Traced,Reviewed,unassigned,腹部/尾端注釈のみ。具体的筋/作用未同定,MANC;BANC26,annotation_only,型名/出神経のみから具体的筋や作用を推定しない。
805634,MNad05,MNad05_R,vnc_motor,ad,R,,A3,AbN4,20115.0,MNad05,,Traced,Reviewed,unassigned,腹部/尾端注釈のみ。具体的筋/作用未同定,MANC;BANC26,annotation_only,型名/出神経のみから具体的筋や作用を推定しない。
805647,MNad23,MNad23_L,vnc_motor,ad,L,,A7,AbNT,10359.0,MNad23,,Traced,Reviewed,unassigned,腹部/尾端注釈のみ。具体的筋/作用未同定,MANC;BANC26,annotation_only,型名/出神経のみから具体的筋や作用を推定しない。
805690,MNad26,MNad26_R,vnc_motor,ad,R,,T3,AbN1,13298.0,MNad26,,Traced,Reviewed,possible haltere-associated effector; unassigned,平均棍候補だが腹部/unknown注釈を保持,MANC,candidate_region_only,出神経と平均棍neuropil形態からの候補。筋支配未同定。腹部出力へも平均棍へも強制分類しない。
805757,MNad11,MNad11_L,vnc_motor,ad,L,,A2,AbN3,13403.0,MNad11,,Traced,Reviewed,unassigned,腹部/尾端注釈のみ。具体的筋/作用未同定,MANC;BANC26,annotation_only,型名/出神経のみから具体的筋や作用を推定しない。
805776,MNad06,MNad06_L,vnc_motor,ad,L,,A2,AbN4,18674.0,MNad06,,Traced,Reviewed,unassigned,腹部/尾端注釈のみ。具体的筋/作用未同定,MANC;BANC26,annotation_only,型名/出神経のみから具体的筋や作用を推定しない。
805790,MNad46,MNad46_R,vnc_motor,ad,R,,A1,AbN2,,MNad46,,Traced,Reviewed,unassigned,腹部/尾端注釈のみ。具体的筋/作用未同定,MANC;BANC26,annotation_only,型名/出神経のみから具体的筋や作用を推定しない。
805797,MNad06,MNad06_L,vnc_motor,ad,L,,A1,AbN3,14211.0,MNad06,,Traced,Reviewed,unassigned,腹部/尾端注釈のみ。具体的筋/作用未同定,MANC;BANC26,annotation_only,型名/出神経のみから具体的筋や作用を推定しない。
805842,MNad44,MNad44_L,vnc_motor,ad,L,,A2,AbN3,16956.0,MNad44,,Traced,Reviewed,unassigned,腹部/尾端注釈のみ。具体的筋/作用未同定,MANC;BANC26,annotation_only,型名/出神経のみから具体的筋や作用を推定しない。
805879,MNad17,MNad17_L,vnc_motor,ad,L,,A10,AbNT,14233.0,MNad17,,Traced,Prelim Roughly traced,unassigned,腹部/尾端注釈のみ。具体的筋/作用未同定,MANC;BANC26,annotation_only,型名/出神経のみから具体的筋や作用を推定しない。
805881,MNad05,MNad05_L,vnc_motor,ad,L,,A3,AbN4,17645.0,MNad05,,Traced,Reviewed,unassigned,腹部/尾端注釈のみ。具体的筋/作用未同定,MANC;BANC26,annotation_only,型名/出神経のみから具体的筋や作用を推定しない。
805974,MNad05,MNad05_L,vnc_motor,ad,L,,A2,AbN4,17179.0,MNad05,,Traced,Reviewed,unassigned,腹部/尾端注釈のみ。具体的筋/作用未同定,MANC;BANC26,annotation_only,型名/出神経のみから具体的筋や作用を推定しない。
805980,MNad07,MNad07_R,vnc_motor,ad,R,,A5,AbN4,22139.0,MNad07,,Traced,Reviewed,unassigned,腹部/尾端注釈のみ。具体的筋/作用未同定,MANC;BANC26,annotation_only,型名/出神経のみから具体的筋や作用を推定しない。
806008,MNad02,MNad02_L,vnc_motor,ad,L,,A5,AbN4,22164.0,MNad02,,Traced,Reviewed,unassigned,腹部/尾端注釈のみ。具体的筋/作用未同定,MANC;BANC26,annotation_only,型名/出神経のみから具体的筋や作用を推定しない。
806014,MNad46,MNad46_L,vnc_motor,ad,L,,A1,AbN2,16278.0,MNad46,,Traced,Reviewed,unassigned,腹部/尾端注釈のみ。具体的筋/作用未同定,MANC;BANC26,annotation_only,型名/出神経のみから具体的筋や作用を推定しない。
806037,MNad06,MNad06_R,vnc_motor,ad,R,,A2,AbN4,15354.0,MNad06,,Traced,Reviewed,unassigned,腹部/尾端注釈のみ。具体的筋/作用未同定,MANC;BANC26,annotation_only,型名/出神経のみから具体的筋や作用を推定しない。
806047,MNad17,MNad17_R,vnc_motor,ad,R,,A10,AbNT,12646.0,MNad17,,Traced,Reviewed,unassigned,腹部/尾端注釈のみ。具体的筋/作用未同定,MANC;BANC26,annotation_only,型名/出神経のみから具体的筋や作用を推定しない。
806061,MNad11,MNad11_L,vnc_motor,ad,L,,A3,AbN4,13999.0,MNad11,,Traced,Reviewed,unassigned,腹部/尾端注釈のみ。具体的筋/作用未同定,MANC;BANC26,annotation_only,型名/出神経のみから具体的筋や作用を推定しない。
806094,MNad08,MNad08_R,vnc_motor,ad,R,,A3,AbN4,15846.0,MNad08,,Traced,Reviewed,unassigned,腹部/尾端注釈のみ。具体的筋/作用未同定,MANC;BANC26,annotation_only,型名/出神経のみから具体的筋や作用を推定しない。
806124,MNad08,MNad08_R,vnc_motor,ad,R,,A2,AbN4,13899.0,MNad08,,Traced,Reviewed,unassigned,腹部/尾端注釈のみ。具体的筋/作用未同定,MANC;BANC26,annotation_only,型名/出神経のみから具体的筋や作用を推定しない。
806144,MNad11,MNad11_R,vnc_motor,ad,R,,A3,AbN4,14008.0,MNad11,,Traced,Reviewed,unassigned,腹部/尾端注釈のみ。具体的筋/作用未同定,MANC;BANC26,annotation_only,型名/出神経のみから具体的筋や作用を推定しない。
806161,MNad24,MNad24_L,vnc_motor,ad,L,,A1,AbN2,14871.0,MNad24,,Traced,PRT Orphan,unassigned,腹部/尾端注釈のみ。具体的筋/作用未同定,MANC;BANC26,annotation_only,型名/出神経のみから具体的筋や作用を推定しない。
806253,MNad11,MNad11_R,vnc_motor,ad,R,,A2,AbN3,13579.0,MNad11,,Traced,Reviewed,unassigned,腹部/尾端注釈のみ。具体的筋/作用未同定,MANC;BANC26,annotation_only,型名/出神経のみから具体的筋や作用を推定しない。
806281,MNad06,MNad06_R,vnc_motor,ad,R,,A3,AbN4,101706.0,MNad06,,Traced,Reviewed,unassigned,腹部/尾端注釈のみ。具体的筋/作用未同定,MANC;BANC26,annotation_only,型名/出神経のみから具体的筋や作用を推定しない。
806302,MNad08,MNad08_L,vnc_motor,ad,L,,A2,AbN4,13671.0,MNad08,,Traced,Reviewed,unassigned,腹部/尾端注釈のみ。具体的筋/作用未同定,MANC;BANC26,annotation_only,型名/出神経のみから具体的筋や作用を推定しない。
806355,MNad08,MNad08_L,vnc_motor,ad,L,,A3,AbN4,18989.0,MNad08,,Traced,Reviewed,unassigned,腹部/尾端注釈のみ。具体的筋/作用未同定,MANC;BANC26,annotation_only,型名/出神経のみから具体的筋や作用を推定しない。
806403,MNnm14,MNnm14_R,vnc_motor,nm,R,,T1,DProN,15049.0,MNnm14,,Traced,Reviewed,unassigned,頸部注釈のみ。具体的筋/作用未同定,GOR24;BANC26,annotation_only,型名/出神経のみから具体的筋や作用を推定しない。
806427,MNad11,MNad11_R,vnc_motor,ad,R,,A4,AbN4,19486.0,MNad11,,Traced,Reviewed,unassigned,腹部/尾端注釈のみ。具体的筋/作用未同定,MANC;BANC26,annotation_only,型名/出神経のみから具体的筋や作用を推定しない。
806489,MNnm14,MNnm14_L,vnc_motor,nm,L,,T1,DProN,153756.0,MNnm14,,Traced,Reviewed,unassigned,頸部注釈のみ。具体的筋/作用未同定,GOR24;BANC26,annotation_only,型名/出神経のみから具体的筋や作用を推定しない。
806561,MNad24,MNad24_R,vnc_motor,ad,R,,A1,AbN2,15481.0,MNad24,,Traced,Reviewed,unassigned,腹部/尾端注釈のみ。具体的筋/作用未同定,MANC;BANC26,annotation_only,型名/出神経のみから具体的筋や作用を推定しない。
806601,MNad69,MNad69_R,vnc_motor,ad,R,,A10,AbNT,17576.0,MNad69,,Traced,Reviewed,unassigned,腹部/尾端注釈のみ。具体的筋/作用未同定,MANC;BANC26,annotation_only,型名/出神経のみから具体的筋や作用を推定しない。
806620,MNad06,MNad06_R,vnc_motor,ad,R,,A1,AbN3,15388.0,MNad06,,Traced,Reviewed,unassigned,腹部/尾端注釈のみ。具体的筋/作用未同定,MANC;BANC26,annotation_only,型名/出神経のみから具体的筋や作用を推定しない。
806643,MNad05,MNad05_L,vnc_motor,ad,L,,A4,AbN4,11540.0,MNad05,,Traced,Reviewed,unassigned,腹部/尾端注釈のみ。具体的筋/作用未同定,MANC;BANC26,annotation_only,型名/出神経のみから具体的筋や作用を推定しない。
806671,MNad02,MNad02_R,vnc_motor,ad,R,,A6,AbN4,13719.0,MNad02,,Traced,Reviewed,unassigned,腹部/尾端注釈のみ。具体的筋/作用未同定,MANC;BANC26,annotation_only,型名/出神経のみから具体的筋や作用を推定しない。
806679,MNad12,MNad12_L,vnc_motor,ad,L,,A9,AbNT,14787.0,MNad12,,Traced,Reviewed,unassigned,腹部/尾端注釈のみ。具体的筋/作用未同定,MANC;BANC26,annotation_only,型名/出神経のみから具体的筋や作用を推定しない。
806689,MNad09,MNad09_R,vnc_motor,ad,R,,A7,AbNT,14859.0,MNad09,,Traced,Reviewed,unassigned,腹部/尾端注釈のみ。具体的筋/作用未同定,MANC;BANC26,annotation_only,型名/出神経のみから具体的筋や作用を推定しない。
806754,MNad31,MNad31_L,vnc_motor,ad,L,,A1,AbN2,15561.0,MNad31,,Traced,Reviewed,unassigned,腹部/尾端注釈のみ。具体的筋/作用未同定,MANC;BANC26,annotation_only,型名/出神経のみから具体的筋や作用を推定しない。
806779,MNad09,MNad09_L,vnc_motor,ad,L,,A7,AbNT,14883.0,MNad09,,Traced,Reviewed,unassigned,腹部/尾端注釈のみ。具体的筋/作用未同定,MANC;BANC26,annotation_only,型名/出神経のみから具体的筋や作用を推定しない。
806817,MNad11,MNad11_L,vnc_motor,ad,L,,A5,AbN4,27083.0,MNad11,,Traced,Reviewed,unassigned,腹部/尾端注釈のみ。具体的筋/作用未同定,MANC;BANC26,annotation_only,型名/出神経のみから具体的筋や作用を推定しない。
806837,MNad47,MNad47_L,vnc_motor,ad,L,,A1,AbN2,15937.0,MNad47,,Traced,Reviewed,unassigned,腹部/尾端注釈のみ。具体的筋/作用未同定,MANC;BANC26,annotation_only,型名/出神経のみから具体的筋や作用を推定しない。
806902,MNad44,MNad44_R,vnc_motor,ad,R,,A2,AbN3,16949.0,MNad44,,Traced,Reviewed,unassigned,腹部/尾端注釈のみ。具体的筋/作用未同定,MANC;BANC26,annotation_only,型名/出神経のみから具体的筋や作用を推定しない。
806943,MNad47,MNad47_R,vnc_motor,ad,R,,A1,AbN2,17100.0,MNad47,,Traced,Reviewed,unassigned,腹部/尾端注釈のみ。具体的筋/作用未同定,MANC;BANC26,annotation_only,型名/出神経のみから具体的筋や作用を推定しない。
807010,MNad02,MNad02_R,vnc_motor,ad,R,,A3,AbN4,19824.0,MNad02,,Traced,Reviewed,unassigned,腹部/尾端注釈のみ。具体的筋/作用未同定,MANC;BANC26,annotation_only,型名/出神経のみから具体的筋や作用を推定しない。
807075,MNad02,MNad02_L,vnc_motor,ad,L,,A3,AbN4,17319.0,MNad02,,Traced,Reviewed,unassigned,腹部/尾端注釈のみ。具体的筋/作用未同定,MANC;BANC26,annotation_only,型名/出神経のみから具体的筋や作用を推定しない。
807144,MNad02,MNad02_L,vnc_motor,ad,L,,A6,AbN4,18692.0,MNad02,,Traced,Reviewed,unassigned,腹部/尾端注釈のみ。具体的筋/作用未同定,MANC;BANC26,annotation_only,型名/出神経のみから具体的筋や作用を推定しない。
807176,MNad28,MNad28_R,vnc_motor,ad,R,,T3,AbN1,17160.0,MNad28,,Traced,Reviewed,possible haltere-associated effector; unassigned,平均棍候補だが腹部/unknown注釈を保持,MANC,candidate_region_only,出神経と平均棍neuropil形態からの候補。筋支配未同定。腹部出力へも平均棍へも強制分類しない。
807312,MNad56,MNad56_L,vnc_motor,ad,L,,A1,AbN3,13797.0,MNad56,,Traced,Reviewed,unassigned,腹部/尾端注釈のみ。具体的筋/作用未同定,MANC;BANC26,annotation_only,型名/出神経のみから具体的筋や作用を推定しない。
807368,MNad28,MNad28_L,vnc_motor,ad,L,,T3,AbN1,15523.0,MNad28,,Traced,Reviewed,possible haltere-associated effector; unassigned,平均棍候補だが腹部/unknown注釈を保持,MANC,candidate_region_only,出神経と平均棍neuropil形態からの候補。筋支配未同定。腹部出力へも平均棍へも強制分類しない。
807396,MNad56,MNad56_R,vnc_motor,ad,R,,A1,AbN3,13725.0,MNad56,,Traced,Reviewed,unassigned,腹部/尾端注釈のみ。具体的筋/作用未同定,MANC;BANC26,annotation_only,型名/出神経のみから具体的筋や作用を推定しない。
807401,MNad01,MNad01_R,vnc_motor,ad,R,,A2,AbN4,20052.0,MNad01,,Traced,Reviewed,unassigned,腹部/尾端注釈のみ。具体的筋/作用未同定,MANC;BANC26,annotation_only,型名/出神経のみから具体的筋や作用を推定しない。
807464,MNad02,MNad02_L,vnc_motor,ad,L,,A1,AbN2,17719.0,MNad02,,Traced,Reviewed,unassigned,腹部/尾端注釈のみ。具体的筋/作用未同定,MANC;BANC26,annotation_only,型名/出神経のみから具体的筋や作用を推定しない。
807569,MNad31,MNad31_R,vnc_motor,ad,R,,A1,AbN2,15215.0,MNad31,,Traced,Reviewed,unassigned,腹部/尾端注釈のみ。具体的筋/作用未同定,MANC;BANC26,annotation_only,型名/出神経のみから具体的筋や作用を推定しない。
807594,MNad01,MNad01_L,vnc_motor,ad,L,,A2,AbN4,21022.0,MNad01,,Traced,Reviewed,unassigned,腹部/尾端注釈のみ。具体的筋/作用未同定,MANC;BANC26,annotation_only,型名/出神経のみから具体的筋や作用を推定しない。
807638,MNad02,MNad02_R,vnc_motor,ad,R,,A1,AbN2,18551.0,MNad02,,Traced,Reviewed,unassigned,腹部/尾端注釈のみ。具体的筋/作用未同定,MANC;BANC26,annotation_only,型名/出神経のみから具体的筋や作用を推定しない。
807649,MNad11,MNad11_R,vnc_motor,ad,R,,A5,AbN4,,MNad11,,Traced,Reviewed,unassigned,腹部/尾端注釈のみ。具体的筋/作用未同定,MANC;BANC26,annotation_only,型名/出神経のみから具体的筋や作用を推定しない。
807681,MNad16,MNad16_L,vnc_motor,ad,L,,A3,AbN4,17894.0,MNad16,,Traced,Reviewed,unassigned,腹部/尾端注釈のみ。具体的筋/作用未同定,MANC;BANC26,annotation_only,型名/出神経のみから具体的筋や作用を推定しない。
807694,MNad16,MNad16_R,vnc_motor,ad,R,,A3,AbN4,27105.0,MNad16,,Traced,Reviewed,unassigned,腹部/尾端注釈のみ。具体的筋/作用未同定,MANC;BANC26,annotation_only,型名/出神経のみから具体的筋や作用を推定しない。
807713,MNad02,MNad02_R,vnc_motor,ad,R,,A4,AbN4,19924.0,MNad02,,Traced,Reviewed,unassigned,腹部/尾端注釈のみ。具体的筋/作用未同定,MANC;BANC26,annotation_only,型名/出神経のみから具体的筋や作用を推定しない。
807784,hi2 MN,hi2 MN_L,vnc_motor,hm,L,,T3,AbN1,,hi2 MN,,Traced,Reviewed,haltere first axillary hi2,平均棍の直接操舵、感覚帰還を介する翅MN発火位相/動員調整候補,DIC19;EHR23;MANC,candidate,DIC19の標識は複数筋MN。hi2とhiii2の個別機能・MaleCNSの複数候補間対応は未確定。
807799,"DVMn 2a, b","DVMn 2a, b_L",vnc_motor,wm,L,,T2,MesoAN,16559.0,"DVMn 2a, b",,Traced,Reviewed,DVM2,間接飛翔動力筋・翅挙上。非同期伸張活性化でDLMと拮抗,AZE24,exact_type_label_bridge,文献の機能標本とMaleCNSは別個体。型名対応のみで生理を同定しない。
807813,MNad45,MNad45_L,vnc_motor,ad,L,,A1,AbN2,16728.0,MNad45,,Traced,Reviewed,unassigned,腹部/尾端注釈のみ。具体的筋/作用未同定,MANC;BANC26,annotation_only,型名/出神経のみから具体的筋や作用を推定しない。
807837,MNad43,MNad43_L,vnc_motor,ad,L,,A1,AbN3,17391.0,MNad43,,Traced,Reviewed,unassigned,腹部/尾端注釈のみ。具体的筋/作用未同定,MANC;BANC26,annotation_only,型名/出神経のみから具体的筋や作用を推定しない。
807838,MNad02,MNad02_R,vnc_motor,ad,R,,A2,AbN3,19693.0,MNad02,,Traced,Reviewed,unassigned,腹部/尾端注釈のみ。具体的筋/作用未同定,MANC;BANC26,annotation_only,型名/出神経のみから具体的筋や作用を推定しない。
807870,MNad16,MNad16_L,vnc_motor,ad,L,,A1,AbN3,15296.0,MNad16,,Traced,Reviewed,unassigned,腹部/尾端注釈のみ。具体的筋/作用未同定,MANC;BANC26,annotation_only,型名/出神経のみから具体的筋や作用を推定しない。
807899,MNad05,MNad05_R,vnc_motor,ad,R,,A4,AbN4,21983.0,MNad05,,Traced,Reviewed,unassigned,腹部/尾端注釈のみ。具体的筋/作用未同定,MANC;BANC26,annotation_only,型名/出神経のみから具体的筋や作用を推定しない。
807924,"DVMn 2a, b","DVMn 2a, b_R",vnc_motor,wm,R,,T2,MesoAN,15783.0,"DVMn 2a, b",,Traced,Reviewed,DVM2,間接飛翔動力筋・翅挙上。非同期伸張活性化でDLMと拮抗,AZE24,exact_type_label_bridge,文献の機能標本とMaleCNSは別個体。型名対応のみで生理を同定しない。
807945,MNad17,MNad17_L,vnc_motor,ad,L,,A10,AbNT,18918.0,MNad17,,Traced,Reviewed,unassigned,腹部/尾端注釈のみ。具体的筋/作用未同定,MANC;BANC26,annotation_only,型名/出神経のみから具体的筋や作用を推定しない。
807987,,,vnc_motor,wm,R,,T2,MesoAN,,,,Traced,Reviewed,unassigned,翅関連注釈のみ。具体的筋/作用未同定,MANC,annotation_only,型名/出神経のみから具体的筋や作用を推定しない。
808101,MNad01,MNad01_R,vnc_motor,ad,R,,A3,AbN4,155854.0,MNad01,,Traced,Reviewed,unassigned,腹部/尾端注釈のみ。具体的筋/作用未同定,MANC;BANC26,annotation_only,型名/出神経のみから具体的筋や作用を推定しない。
808134,MNad01,MNad01_R,vnc_motor,ad,R,,A1,AbN3,18939.0,MNad01,,Traced,Reviewed,unassigned,腹部/尾端注釈のみ。具体的筋/作用未同定,MANC;BANC26,annotation_only,型名/出神経のみから具体的筋や作用を推定しない。
808208,MNad02,MNad02_L,vnc_motor,ad,L,,A4,AbN4,17683.0,MNad02,,Traced,Reviewed,unassigned,腹部/尾端注釈のみ。具体的筋/作用未同定,MANC;BANC26,annotation_only,型名/出神経のみから具体的筋や作用を推定しない。
808250,MNad53,MNad53_R,vnc_motor,ad,R,,A9,AbNT,15202.0,MNad53,,Traced,Reviewed,unassigned,腹部/尾端注釈のみ。具体的筋/作用未同定,MANC;BANC26,annotation_only,型名/出神経のみから具体的筋や作用を推定しない。
808464,MNad57,MNad57_R,vnc_motor,ad,R,,A8,AbNT,156136.0,MNad57,,Traced,Reviewed,unassigned,腹部/尾端注釈のみ。具体的筋/作用未同定,MANC;BANC26,annotation_only,型名/出神経のみから具体的筋や作用を推定しない。
808532,MNad01,MNad01_L,vnc_motor,ad,L,,A4,AbN4,23505.0,MNad01,,Traced,Reviewed,unassigned,腹部/尾端注釈のみ。具体的筋/作用未同定,MANC;BANC26,annotation_only,型名/出神経のみから具体的筋や作用を推定しない。
808572,MNad57,MNad57_L,vnc_motor,ad,L,,A8,AbNT,13392.0,MNad57,,Traced,Reviewed,unassigned,腹部/尾端注釈のみ。具体的筋/作用未同定,MANC;BANC26,annotation_only,型名/出神経のみから具体的筋や作用を推定しない。
808621,MNad01,MNad01_L,vnc_motor,ad,L,,A1,AbN3,19300.0,MNad01,,Traced,Reviewed,unassigned,腹部/尾端注釈のみ。具体的筋/作用未同定,MANC;BANC26,annotation_only,型名/出神経のみから具体的筋や作用を推定しない。
808720,MNad16,MNad16_L,vnc_motor,ad,L,,A2,AbN4,22574.0,MNad16,,Traced,Reviewed,unassigned,腹部/尾端注釈のみ。具体的筋/作用未同定,MANC;BANC26,annotation_only,型名/出神経のみから具体的筋や作用を推定しない。
808813,hi2 MN,hi2 MN_L,vnc_motor,hm,L,,T3,AbN1,,hi2 MN,,Traced,Reviewed,haltere first axillary hi2,平均棍の直接操舵、感覚帰還を介する翅MN発火位相/動員調整候補,DIC19;EHR23;MANC,candidate,DIC19の標識は複数筋MN。hi2とhiii2の個別機能・MaleCNSの複数候補間対応は未確定。
808820,MNad01,MNad01_R,vnc_motor,ad,R,,A4,AbN4,13188.0,MNad01,,Traced,Reviewed,unassigned,腹部/尾端注釈のみ。具体的筋/作用未同定,MANC;BANC26,annotation_only,型名/出神経のみから具体的筋や作用を推定しない。
808888,MNad16,MNad16_R,vnc_motor,ad,R,,A1,AbN3,33009.0,MNad16,,Traced,Reviewed,unassigned,腹部/尾端注釈のみ。具体的筋/作用未同定,MANC;BANC26,annotation_only,型名/出神経のみから具体的筋や作用を推定しない。
808926,"MNad04,MNad48","MNad04,MNad48_R",vnc_motor,ad,R,,A10,AbNT,10386.0,"MNad04,MNad48",,Traced,Reviewed,unassigned,腹部/尾端注釈のみ。具体的筋/作用未同定,MANC;BANC26,annotation_only,型名/出神経のみから具体的筋や作用を推定しない。
809085,hDVM MN,hDVM MN_R,vnc_motor,hm,R,,T3,AbN1,14322.0,hDVM MN,,Traced,Reviewed,haltere dorsal ventral power muscle hDVM,平均棍を振動させる非同期動力筋,DIC19;EHR23;MANC,exact_type_label_bridge,文献の機能標本とMaleCNSは別個体。型名対応のみで生理を同定しない。
809238,MNad16,MNad16_R,vnc_motor,ad,R,,A2,AbN4,21057.0,MNad16,,Traced,Reviewed,unassigned,腹部/尾端注釈のみ。具体的筋/作用未同定,MANC;BANC26,annotation_only,型名/出神経のみから具体的筋や作用を推定しない。
809304,MNad45,MNad45_R,vnc_motor,ad,R,,A1,AbN2,16750.0,MNad45,,Traced,Reviewed,unassigned,腹部/尾端注釈のみ。具体的筋/作用未同定,MANC;BANC26,annotation_only,型名/出神経のみから具体的筋や作用を推定しない。
809397,"MNad04,MNad48","MNad04,MNad48_L",vnc_motor,ad,L,,A9,AbNT,16735.0,"MNad04,MNad48",,Traced,Reviewed,unassigned,腹部/尾端注釈のみ。具体的筋/作用未同定,MANC;BANC26,annotation_only,型名/出神経のみから具体的筋や作用を推定しない。
809401,MNad25,MNad25_L,vnc_motor,ad,L,,A2,AbN3,13050.0,MNad25,,Traced,Reviewed,unassigned,腹部/尾端注釈のみ。具体的筋/作用未同定,MANC;BANC26,annotation_only,型名/出神経のみから具体的筋や作用を推定しない。
809484,MNad30,MNad30_L,vnc_motor,ad,L,,A1,AbN2,16068.0,MNad30,,Traced,Reviewed,unassigned,腹部/尾端注釈のみ。具体的筋/作用未同定,MANC;BANC26,annotation_only,型名/出神経のみから具体的筋や作用を推定しない。
809492,"MNad04,MNad48","MNad04,MNad48_R",vnc_motor,ad,R,,A10,AbNT,11624.0,"MNad04,MNad48",,Traced,Reviewed,unassigned,腹部/尾端注釈のみ。具体的筋/作用未同定,MANC;BANC26,annotation_only,型名/出神経のみから具体的筋や作用を推定しない。
809862,MNad09,MNad09_R,vnc_motor,ad,R,,A6,AbNT,153866.0,MNad09,,Traced,Reviewed,unassigned,腹部/尾端注釈のみ。具体的筋/作用未同定,MANC;BANC26,annotation_only,型名/出神経のみから具体的筋や作用を推定しない。
809985,hi2 MN,hi2 MN_R,vnc_motor,hm,R,,T3,AbN1,,hi2 MN,,Traced,Reviewed,haltere first axillary hi2,平均棍の直接操舵、感覚帰還を介する翅MN発火位相/動員調整候補,DIC19;EHR23;MANC,candidate,DIC19の標識は複数筋MN。hi2とhiii2の個別機能・MaleCNSの複数候補間対応は未確定。
810069,MNad09,MNad09_L,vnc_motor,ad,L,,A6,AbNT,15529.0,MNad09,,Traced,Reviewed,unassigned,腹部/尾端注釈のみ。具体的筋/作用未同定,MANC;BANC26,annotation_only,型名/出神経のみから具体的筋や作用を推定しない。
810086,MNad03,MNad03_L,vnc_motor,ad,L,,A4,AbN4,,MNad03,,Traced,Reviewed,unassigned,腹部/尾端注釈のみ。具体的筋/作用未同定,MANC;BANC26,annotation_only,型名/出神経のみから具体的筋や作用を推定しない。
810241,MNad09,MNad09_R,vnc_motor,ad,R,,A5,AbNT,102953.0,MNad09,,Traced,Reviewed,unassigned,腹部/尾端注釈のみ。具体的筋/作用未同定,MANC;BANC26,annotation_only,型名/出神経のみから具体的筋や作用を推定しない。
810372,MNad09,MNad09_L,vnc_motor,ad,L,,A5,AbNT,15073.0,MNad09,,Traced,Reviewed,unassigned,腹部/尾端注釈のみ。具体的筋/作用未同定,MANC;BANC26,annotation_only,型名/出神経のみから具体的筋や作用を推定しない。
810460,hiii2 MN,hiii2 MN_R,vnc_motor,hm,R,,T3,AbN1,16016.0,hiii2 MN,,Traced,Reviewed,haltere third axillary hiii2,平均棍の直接操舵、感覚帰還を介する翅MN発火位相/動員調整候補,DIC19;EHR23;MANC,candidate,DIC19の標識は複数筋MN。hi2とhiii2の個別機能・MaleCNSの複数候補間対応は未確定。
811395,MNxm02,MNxm02_R,vnc_motor,xm,R,,T2,DMetaN,12308.0,MNxm02,,Traced,Reviewed,possible haltere-associated effector; unassigned,平均棍候補だが腹部/unknown注釈を保持,MANC,candidate_region_only,出神経と平均棍neuropil形態からの候補。筋支配未同定。腹部出力へも平均棍へも強制分類しない。
811400,MNxm02,MNxm02_L,vnc_motor,xm,L,,T2,DMetaN,13072.0,MNxm02,,Traced,Reviewed,possible haltere-associated effector; unassigned,平均棍候補だが腹部/unknown注釈を保持,MANC,candidate_region_only,出神経と平均棍neuropil形態からの候補。筋支配未同定。腹部出力へも平均棍へも強制分類しない。
811554,MNad07,MNad07_R,vnc_motor,ad,R,,A4,AbN4,13182.0,MNad07,,Traced,Reviewed,unassigned,腹部/尾端注釈のみ。具体的筋/作用未同定,MANC;BANC26,annotation_only,型名/出神経のみから具体的筋や作用を推定しない。
811952,MNad07,MNad07_L,vnc_motor,ad,L,,A3,AbN4,13733.0,MNad07,,Traced,Reviewed,unassigned,腹部/尾端注釈のみ。具体的筋/作用未同定,MANC;BANC26,annotation_only,型名/出神経のみから具体的筋や作用を推定しない。
811999,MNad09,MNad09_L,vnc_motor,ad,L,,A4,AbNT,14241.0,MNad09,,Traced,Reviewed,unassigned,腹部/尾端注釈のみ。具体的筋/作用未同定,MANC;BANC26,annotation_only,型名/出神経のみから具体的筋や作用を推定しない。
812186,MNad09,MNad09_R,vnc_motor,ad,R,,A4,AbNT,13188.0,MNad09,,Traced,Reviewed,unassigned,腹部/尾端注釈のみ。具体的筋/作用未同定,MANC;BANC26,annotation_only,型名/出神経のみから具体的筋や作用を推定しない。
812193,MNad55,MNad55_L,vnc_motor,ad,L,,A9,AbNT,17622.0,MNad55,,Traced,Reviewed,unassigned,腹部/尾端注釈のみ。具体的筋/作用未同定,MANC;BANC26,annotation_only,型名/出神経のみから具体的筋や作用を推定しない。
812354,MNad43,MNad43_R,vnc_motor,ad,R,,A1,AbN3,18376.0,MNad43,,Traced,Prelim Roughly traced,unassigned,腹部/尾端注釈のみ。具体的筋/作用未同定,MANC;BANC26,annotation_only,型名/出神経のみから具体的筋や作用を推定しない。
812385,MNad07,MNad07_R,vnc_motor,ad,R,,A3,AbN4,14288.0,MNad07,,Traced,Reviewed,unassigned,腹部/尾端注釈のみ。具体的筋/作用未同定,MANC;BANC26,annotation_only,型名/出神経のみから具体的筋や作用を推定しない。
812503,MNad49,MNad49_L,vnc_motor,ad,L,,A9,AbNT,10676.0,MNad49,,Traced,Reviewed,unassigned,腹部/尾端注釈のみ。具体的筋/作用未同定,MANC;BANC26,annotation_only,型名/出神経のみから具体的筋や作用を推定しない。
812718,MNad07,MNad07_L,vnc_motor,ad,L,,A5,AbN4,11554.0,MNad07,,Traced,Reviewed,unassigned,腹部/尾端注釈のみ。具体的筋/作用未同定,MANC;BANC26,annotation_only,型名/出神経のみから具体的筋や作用を推定しない。
812752,MNxm03,MNxm03_R,vnc_motor,xm,R,,T2,DMetaN,13478.0,MNxm03,,Traced,Reviewed,possible haltere-associated effector; unassigned,平均棍候補だが腹部/unknown注釈を保持,MANC,candidate_region_only,出神経と平均棍neuropil形態からの候補。筋支配未同定。腹部出力へも平均棍へも強制分類しない。
812988,MNxm03,MNxm03_L,vnc_motor,xm,L,,T2,DMetaN,16167.0,MNxm03,,Traced,Reviewed,possible haltere-associated effector; unassigned,平均棍候補だが腹部/unknown注釈を保持,MANC,candidate_region_only,出神経と平均棍neuropil形態からの候補。筋支配未同定。腹部出力へも平均棍へも強制分類しない。
813291,MNad25,MNad25_R,vnc_motor,ad,R,,A2,AbN3,12314.0,MNad25,,Traced,Reviewed,unassigned,腹部/尾端注釈のみ。具体的筋/作用未同定,MANC;BANC26,annotation_only,型名/出神経のみから具体的筋や作用を推定しない。
813633,MNad21,MNad21_R,vnc_motor,ad,R,,A2,AbN3,10616.0,MNad21,,Traced,Reviewed,unassigned,腹部/尾端注釈のみ。具体的筋/作用未同定,MANC;BANC26,annotation_only,型名/出神経のみから具体的筋や作用を推定しない。
813696,ADNM2 MN,ADNM2 MN_R,vnc_motor,nm,R,,T1,CvN,17653.0,ADNM2,,Traced,Reviewed,TH2 candidate via CvNA2,頸部作用候補。Gorko CvNA1/2はVNC由来で横走水平筋を支配,GOR24,cross_nomenclature_unverified,ADNMとCvNAの直接同義対応を今回は未検証。筋を確定欄に転記しない。
814106,"MNad04,MNad48","MNad04,MNad48_R",vnc_motor,ad,R,,A10,AbNT,10383.0,"MNad04,MNad48",,Traced,Reviewed,unassigned,腹部/尾端注釈のみ。具体的筋/作用未同定,MANC;BANC26,annotation_only,型名/出神経のみから具体的筋や作用を推定しない。
814206,MNad06,MNad06_L,vnc_motor,ad,L,,A4,AbN4,23466.0,MNad06,,Traced,Reviewed,unassigned,腹部/尾端注釈のみ。具体的筋/作用未同定,MANC;BANC26,annotation_only,型名/出神経のみから具体的筋や作用を推定しない。
814430,MNad03,MNad03_L,vnc_motor,ad,L,,A5,AbN4,13225.0,MNad03,,Traced,Reviewed,unassigned,腹部/尾端注釈のみ。具体的筋/作用未同定,MANC;BANC26,annotation_only,型名/出神経のみから具体的筋や作用を推定しない。
814989,MNad03,MNad03_R,vnc_motor,ad,R,,A3,AbN4,18060.0,MNad03,,Traced,Reviewed,unassigned,腹部/尾端注釈のみ。具体的筋/作用未同定,MANC;BANC26,annotation_only,型名/出神経のみから具体的筋や作用を推定しない。
815075,MNad17,MNad17_L,vnc_motor,ad,L,,A8,AbNT,13415.0,MNad17,,Traced,Reviewed,unassigned,腹部/尾端注釈のみ。具体的筋/作用未同定,MANC;BANC26,annotation_only,型名/出神経のみから具体的筋や作用を推定しない。
815205,MNad03,MNad03_L,vnc_motor,ad,L,,A3,AbN4,,MNad03,,Traced,Reviewed,unassigned,腹部/尾端注釈のみ。具体的筋/作用未同定,MANC;BANC26,annotation_only,型名/出神経のみから具体的筋や作用を推定しない。
815209,MNad29,MNad29_R,vnc_motor,ad,R,,T3,AbN1,17688.0,MNad29,,Traced,Reviewed,possible haltere-associated effector; unassigned,平均棍候補だが腹部/unknown注釈を保持,MANC,candidate_region_only,出神経と平均棍neuropil形態からの候補。筋支配未同定。腹部出力へも平均棍へも強制分類しない。
815281,MNad03,MNad03_R,vnc_motor,ad,R,,A5,AbN4,10524.0,MNad03,,Traced,Reviewed,unassigned,腹部/尾端注釈のみ。具体的筋/作用未同定,MANC;BANC26,annotation_only,型名/出神経のみから具体的筋や作用を推定しない。
815682,MNad29,MNad29_L,vnc_motor,ad,L,,T3,AbN1,153281.0,MNad29,,Traced,Reviewed,possible haltere-associated effector; unassigned,平均棍候補だが腹部/unknown注釈を保持,MANC,candidate_region_only,出神経と平均棍neuropil形態からの候補。筋支配未同定。腹部出力へも平均棍へも強制分類しない。
816810,"MNad18,MNad27","MNad18,MNad27_L",vnc_motor,ad,L,,A1,AbN2,11572.0,"MNad18,MNad27",,Traced,Reviewed,unassigned,腹部/尾端注釈のみ。具体的筋/作用未同定,MANC;BANC26,annotation_only,型名/出神経のみから具体的筋や作用を推定しない。
817026,MNxm01,MNxm01_L,vnc_motor,xm,L,,T1,PDMNa,12009.0,MNxm01,,Traced,Roughly traced,unassigned,未分類注釈のみ。具体的筋/作用未同定,MANC,annotation_only,型名/出神経のみから具体的筋や作用を推定しない。
817133,"MNad18,MNad27","MNad18,MNad27_R",vnc_motor,ad,R,,A1,AbN2,11585.0,"MNad18,MNad27",,Traced,Reviewed,unassigned,腹部/尾端注釈のみ。具体的筋/作用未同定,MANC;BANC26,annotation_only,型名/出神経のみから具体的筋や作用を推定しない。
817458,MNad54,MNad54_L,vnc_motor,ad,L,,A1,AbN2,14021.0,MNad54,,Traced,Reviewed,unassigned,腹部/尾端注釈のみ。具体的筋/作用未同定,MANC;BANC26,annotation_only,型名/出神経のみから具体的筋や作用を推定しない。
817835,"MNad18,MNad27","MNad18,MNad27_R",vnc_motor,ad,R,,A1,AbN2,14407.0,"MNad18,MNad27",,Traced,Reviewed,unassigned,腹部/尾端注釈のみ。具体的筋/作用未同定,MANC;BANC26,annotation_only,型名/出神経のみから具体的筋や作用を推定しない。
817927,"MNad18,MNad27","MNad18,MNad27_L",vnc_motor,ad,L,,A2,AbN3,12445.0,"MNad18,MNad27",,Traced,Reviewed,unassigned,腹部/尾端注釈のみ。具体的筋/作用未同定,MANC;BANC26,annotation_only,型名/出神経のみから具体的筋や作用を推定しない。
817999,MNad54,MNad54_L,vnc_motor,ad,L,,A1,AbN2,14653.0,MNad54,,Traced,Reviewed,unassigned,腹部/尾端注釈のみ。具体的筋/作用未同定,MANC;BANC26,annotation_only,型名/出神経のみから具体的筋や作用を推定しない。
818077,"MNad18,MNad27","MNad18,MNad27_R",vnc_motor,ad,R,,A2,AbN3,12841.0,"MNad18,MNad27",,Traced,Reviewed,unassigned,腹部/尾端注釈のみ。具体的筋/作用未同定,MANC;BANC26,annotation_only,型名/出神経のみから具体的筋や作用を推定しない。
818098,MNxm01,MNxm01_R,vnc_motor,xm,R,,T1,PDMNa,11372.0,MNxm01,,Traced,Roughly traced,unassigned,未分類注釈のみ。具体的筋/作用未同定,MANC,annotation_only,型名/出神経のみから具体的筋や作用を推定しない。
818387,MNad54,MNad54_R,vnc_motor,ad,R,,A1,AbN2,14159.0,MNad54,,Traced,Reviewed,unassigned,腹部/尾端注釈のみ。具体的筋/作用未同定,MANC;BANC26,annotation_only,型名/出神経のみから具体的筋や作用を推定しない。
818428,MNad54,MNad54_R,vnc_motor,ad,R,,A1,AbN2,13806.0,MNad54,,Traced,Reviewed,unassigned,腹部/尾端注釈のみ。具体的筋/作用未同定,MANC;BANC26,annotation_only,型名/出神経のみから具体的筋や作用を推定しない。
818563,MNad25,MNad25_L,vnc_motor,ad,L,,A1,AbN2,14370.0,MNad25,,Traced,Reviewed,unassigned,腹部/尾端注釈のみ。具体的筋/作用未同定,MANC;BANC26,annotation_only,型名/出神経のみから具体的筋や作用を推定しない。
819492,MNad12,MNad12_R,vnc_motor,ad,R,,A9,AbNT,11847.0,MNad12,,Traced,Reviewed,unassigned,腹部/尾端注釈のみ。具体的筋/作用未同定,MANC;BANC26,annotation_only,型名/出神経のみから具体的筋や作用を推定しない。
819549,MNad12,MNad12_L,vnc_motor,ad,L,,A8,AbNT,15749.0,MNad12,,Traced,Reviewed,unassigned,腹部/尾端注釈のみ。具体的筋/作用未同定,MANC;BANC26,annotation_only,型名/出神経のみから具体的筋や作用を推定しない。
819796,MNad25,MNad25_R,vnc_motor,ad,R,,A1,AbN2,18241.0,MNad25,,Traced,Reviewed,unassigned,腹部/尾端注釈のみ。具体的筋/作用未同定,MANC;BANC26,annotation_only,型名/出神経のみから具体的筋や作用を推定しない。
820803,"MNad18,MNad27","MNad18,MNad27_R",vnc_motor,ad,R,,A2,AbN3,,"MNad18,MNad27",,Traced,Reviewed,unassigned,腹部/尾端注釈のみ。具体的筋/作用未同定,MANC;BANC26,annotation_only,型名/出神経のみから具体的筋や作用を推定しない。
820983,MNad12,MNad12_R,vnc_motor,ad,R,,A8,AbNT,20591.0,MNad12,,Traced,Reviewed,unassigned,腹部/尾端注釈のみ。具体的筋/作用未同定,MANC;BANC26,annotation_only,型名/出神経のみから具体的筋や作用を推定しない。
824223,STTMm,STTMm_R,vnc_motor,wm,R,,T2,PDMNp,22175.0,STTMm,,Traced,Reviewed,small TTM-associated MN; TTM or intracoxal muscles 67/68 candidate,未確定：TTM/基節内のdepressor・levator候補,AZE24,candidate,小型2MN/側は筋作用未確定。主TTMnの跳躍作用を転記しない。
825991,MNad21,MNad21_L,vnc_motor,ad,L,,A2,AbN3,10548.0,MNad21,,Traced,Reviewed,unassigned,腹部/尾端注釈のみ。具体的筋/作用未同定,MANC;BANC26,annotation_only,型名/出神経のみから具体的筋や作用を推定しない。
830847,STTMm,STTMm_L,vnc_motor,wm,L,,T2,PDMNp,17316.0,STTMm,,Traced,Reviewed,small TTM-associated MN; TTM or intracoxal muscles 67/68 candidate,未確定：TTM/基節内のdepressor・levator候補,AZE24,candidate,小型2MN/側は筋作用未確定。主TTMnの跳躍作用を転記しない。
833211,"MNad18,MNad27","MNad18,MNad27_L",vnc_motor,ad,L,,A1,AbN2,13924.0,"MNad18,MNad27",,Traced,Reviewed,unassigned,腹部/尾端注釈のみ。具体的筋/作用未同定,MANC;BANC26,annotation_only,型名/出神経のみから具体的筋や作用を推定しない。
834952,"MNnm07,MNnm12","MNnm07,MNnm12_R",vnc_motor,nm,R,,T1,DProN,15789.0,"MNnm07,MNnm12",,Traced,Reviewed,unassigned,頸部注釈のみ。具体的筋/作用未同定,GOR24;BANC26,annotation_only,型名/出神経のみから具体的筋や作用を推定しない。
853504,"MNnm07,MNnm12","MNnm07,MNnm12_L",vnc_motor,nm,L,,T1,DProN,24975.0,"MNnm07,MNnm12",,Traced,Reviewed,unassigned,頸部注釈のみ。具体的筋/作用未同定,GOR24;BANC26,annotation_only,型名/出神経のみから具体的筋や作用を推定しない。
903152,ADNM1 MN,ADNM1 MN_L,vnc_motor,nm,L,,T1,CvN,10407.0,ADNM1,,Traced,Roughly traced,TH1 candidate via CvNA1,頸部作用候補。Gorko CvNA1/2はVNC由来で横走水平筋を支配,GOR24,cross_nomenclature_unverified,ADNMとCvNAの直接同義対応を今回は未検証。筋を確定欄に転記しない。
903153,MNnm13,MNnm13_R,vnc_motor,nm,R,,T1,DProN,15244.0,MNnm13,,Traced,Reviewed,unassigned,頸部注釈のみ。具体的筋/作用未同定,GOR24;BANC26,annotation_only,型名/出神経のみから具体的筋や作用を推定しない。
903679,MNad67,MNad67_L,vnc_motor,ad,L,,A8,AbNT,11063.0,MNad67,,Traced,Reviewed,unassigned,腹部/尾端注釈のみ。具体的筋/作用未同定,MANC;BANC26,annotation_only,型名/出神経のみから具体的筋や作用を推定しない。
903852,hg3 MN,hg3 MN_R,vnc_motor,wm,R,,T2,ADMN,10931.0,hg3 MN,,Traced,Reviewed,fourth axillary hg3 / iv3,翅基部硬節を介する直接操舵。単一の固定yaw/pitch/roll作用は今回割り当てない,MANC;AZE24;EHR23,exact_type_label_bridge,文献の機能標本とMaleCNSは別個体。型名対応のみで生理を同定しない。
904990,MNad62,MNad62_R,vnc_motor,ad,R,,A8,AbNT,19067.0,MNad62,,Traced,Reviewed,unassigned,腹部/尾端注釈のみ。具体的筋/作用未同定,MANC;BANC26,annotation_only,型名/出神経のみから具体的筋や作用を推定しない。
905210,MNnm11,MNnm11_L,vnc_motor,nm,L,,T1,DProN,102542.0,MNnm11,,Traced,Reviewed,unassigned,頸部注釈のみ。具体的筋/作用未同定,GOR24;BANC26,annotation_only,型名/出神経のみから具体的筋や作用を推定しない。
905584,MNad66,MNad66_R,vnc_motor,ad,R,,A8,AbNT,10872.0,MNad66,,Traced,Reviewed,unassigned,腹部/尾端注釈のみ。具体的筋/作用未同定,MANC;BANC26,annotation_only,型名/出神経のみから具体的筋や作用を推定しない。
905617,MNnm09,MNnm09_L,vnc_motor,nm,L,,T1,DProN,12603.0,MNnm09,,Traced,Reviewed,unassigned,頸部注釈のみ。具体的筋/作用未同定,GOR24;BANC26,annotation_only,型名/出神経のみから具体的筋や作用を推定しない。
905709,MNad55,MNad55_R,vnc_motor,ad,R,,A9,AbNT,24593.0,MNad55,,Traced,Reviewed,unassigned,腹部/尾端注釈のみ。具体的筋/作用未同定,MANC;BANC26,annotation_only,型名/出神経のみから具体的筋や作用を推定しない。
906003,MNhm43,MNhm43_R,vnc_motor,hm,R,,T3,AbN1,49582.0,MNhm43,,Traced,Reviewed,haltere basalar hb1 or hb2 (unordered pair),平均棍操舵,MANC;EHR23,unordered_muscle_pair,hb1/hb2のどちらを各型が支配するかは未決。MANC49582は両型に重複対応。
906111,MNad20,MNad20_R,vnc_motor,ad,R,,A9,AbNT,22670.0,MNad20,,Traced,Reviewed,unassigned,腹部/尾端注釈のみ。具体的筋/作用未同定,MANC;BANC26,annotation_only,型名/出神経のみから具体的筋や作用を推定しない。
906520,MNad40,MNad40_L,vnc_motor,ad,L,,A1,AbN2,11638.0,MNad40,,Traced,Reviewed,unassigned,腹部/尾端注釈のみ。具体的筋/作用未同定,MANC;BANC26,annotation_only,型名/出神経のみから具体的筋や作用を推定しない。
906612,"DVMn 3a, b","DVMn 3a, b_L",vnc_motor,wm,L,,T1,PDMNa,13586.0,"DVMn 3a, b",,Traced,Reviewed,DVM3,間接飛翔動力筋・翅挙上。非同期伸張活性化でDLMと拮抗,AZE24,exact_type_label_bridge,文献の機能標本とMaleCNSは別個体。型名対応のみで生理を同定しない。
908158,MNad17,MNad17_L,vnc_motor,ad,L,,A9,AbNT,16437.0,MNad17,,Traced,Reviewed,unassigned,腹部/尾端注釈のみ。具体的筋/作用未同定,MANC;BANC26,annotation_only,型名/出神経のみから具体的筋や作用を推定しない。
908181,hi1 MN,hi1 MN_L,vnc_motor,hm,L,,T3,AbN1,20786.0,hi1 MN,,Traced,Reviewed,haltere first axillary hi1,平均棍の直接操舵、感覚帰還を介する翅MN発火位相/動員調整候補,DIC19;EHR23;MANC,exact_type_label_bridge,DIC19の標識は複数筋MN。hi2とhiii2の個別機能・MaleCNSの複数候補間対応は未確定。
908285,MNad50,MNad50_R,vnc_motor,ad,R,,,AbNT,11584.0,MNad50,,Traced,Reviewed,unassigned,腹部/尾端注釈のみ。具体的筋/作用未同定,MANC;BANC26,annotation_only,型名/出神経のみから具体的筋や作用を推定しない。
911334,MNad17,MNad17_R,vnc_motor,ad,R,,A9,AbNT,12468.0,MNad17,,Traced,Reviewed,unassigned,腹部/尾端注釈のみ。具体的筋/作用未同定,MANC;BANC26,annotation_only,型名/出神経のみから具体的筋や作用を推定しない。
911338,MNad69,MNad69_L,vnc_motor,ad,L,,A10,AbNT,15832.0,MNad69,,Traced,Reviewed,unassigned,腹部/尾端注釈のみ。具体的筋/作用未同定,MANC;BANC26,annotation_only,型名/出神経のみから具体的筋や作用を推定しない。
913939,MNad21,MNad21_R,vnc_motor,ad,R,,A1,AbN2,10473.0,MNad21,,Traced,Reviewed,unassigned,腹部/尾端注釈のみ。具体的筋/作用未同定,MANC;BANC26,annotation_only,型名/出神経のみから具体的筋や作用を推定しない。
917601,MNx05,MNx05_L,cb_motor,pm,L,,,PhN,,,CB0769,Traced,Prelim Roughly traced,unassigned,口器/咽頭関連注釈のみ。具体的筋/作用未同定,GUS26,annotation_only,型名/出神経のみから具体的筋や作用を推定しない。
924167,STTMm,STTMm_L,vnc_motor,wm,L,,T2,PDMNp,13214.0,STTMm,,Traced,Reviewed,small TTM-associated MN; TTM or intracoxal muscles 67/68 candidate,未確定：TTM/基節内のdepressor・levator候補,AZE24,candidate,小型2MN/側は筋作用未確定。主TTMnの跳躍作用を転記しない。
924612,MN6,MN6_L,cb_motor,pm,L,,,MxLbN,,,CB0858,Traced,Prelim Roughly traced,m6,labellum伸展,MCK20,exact_type_label_bridge,MN2DとMN4のa/b亜型は2026命名。2020の親型操作を各亜型の独立作用としない。機械的連動と神経回路協調も別。
925726,MN10,MN10_L,cb_motor,pm,L,,,PhN,,,MN10,Traced,Prelim Roughly traced,m10 (pharyngeal musculature),咽頭ポンプに関連する筋。各型の詳細作用は今回未検証,MCK20,exact_type_label_bridge,筋同定資料とポンプ作動を区別。MN12DとMN12Vは近接命名で機能類似を含意しない。
928688,FNM2,FNM2_L,vnc_motor,nm,L,,T1,DProN,24975.0,FNM2,,Traced,Reviewed,unassigned,頸部注釈のみ。具体的筋/作用未同定,GOR24;BANC26,annotation_only,型名/出神経のみから具体的筋や作用を推定しない。
932321,"DVMn 3a, b","DVMn 3a, b_R",vnc_motor,wm,R,,T1,PDMNa,11776.0,"DVMn 3a, b",,Traced,Reviewed,DVM3,間接飛翔動力筋・翅挙上。非同期伸張活性化でDLMと拮抗,AZE24,exact_type_label_bridge,文献の機能標本とMaleCNSは別個体。型名対応のみで生理を同定しない。
932322,DVMn 1a-c,DVMn 1a-c_L,vnc_motor,wm,L,,T2,ADMN,10669.0,DVMn 1a-c,,Traced,Prelim Roughly traced,DVM1,間接飛翔動力筋・翅挙上。非同期伸張活性化でDLMと拮抗,AZE24,exact_type_label_bridge,文献の機能標本とMaleCNSは別個体。型名対応のみで生理を同定しない。
932796,DVMn 1a-c,DVMn 1a-c_L,vnc_motor,wm,L,,T2,ADMN,14017.0,DVMn 1a-c,,Traced,Reviewed,DVM1,間接飛翔動力筋・翅挙上。非同期伸張活性化でDLMと拮抗,AZE24,exact_type_label_bridge,文献の機能標本とMaleCNSは別個体。型名対応のみで生理を同定しない。
934019,hiii2 MN,hiii2 MN_L,vnc_motor,hm,L,,T3,AbN1,,hiii2 MN,,Traced,Reviewed,haltere third axillary hiii2,平均棍の直接操舵、感覚帰還を介する翅MN発火位相/動員調整候補,DIC19;EHR23;MANC,candidate,DIC19の標識は複数筋MN。hi2とhiii2の個別機能・MaleCNSの複数候補間対応は未確定。
935161,"MNad04,MNad48","MNad04,MNad48_L",vnc_motor,ad,L,,A10,AbNT,,"MNad04,MNad48",,Traced,Reviewed,unassigned,腹部/尾端注釈のみ。具体的筋/作用未同定,MANC;BANC26,annotation_only,型名/出神経のみから具体的筋や作用を推定しない。
102317324,MN1,MN1_R,cb_motor,pm,R,,GNG,MxLbN,,,CB0720,Traced,Reviewed,m1,rostrum退縮。伸展状態ではhaustellum屈曲も誘起,MCK20,exact_type_label_bridge,MN2DとMN4のa/b亜型は2026命名。2020の親型操作を各亜型の独立作用としない。機械的連動と神経回路協調も別。
492462351,MN11V,MN11V_R,cb_motor,pm,R,,,,,,CB0708,Traced,Reviewed,m11V (pharyngeal musculature),咽頭ポンプに関連する筋。各型の詳細作用は今回未検証,MCK20,exact_type_label_bridge,筋同定資料とポンプ作動を区別。MN12DとMN12Vは近接命名で機能類似を含意しない。
1004417640,MNx04,MNx04_L,cb_motor,pm,L,,,PhN,,,CB0715,Traced,Reviewed,unassigned,口器/咽頭関連注釈のみ。具体的筋/作用未同定,GUS26,annotation_only,型名/出神経のみから具体的筋や作用を推定しない。
1050011487,"MNnm07,MNnm12","MNnm07,MNnm12_L",vnc_motor,nm,L,,T1,DProN,26924.0,"MNnm07,MNnm12",,Traced,Reviewed,unassigned,頸部注釈のみ。具体的筋/作用未同定,GOR24;BANC26,annotation_only,型名/出神経のみから具体的筋や作用を推定しない。
1050014552,DLMn c-f,DLMn c-f_R,vnc_motor,wm,R,,T1,PDMNa,,DLMn c-f,,Traced,Reviewed,DLM fibres c-f,間接飛翔動力筋・翅下降。非同期伸張活性化の動力を調節,AZE24;HUR23,exact_type_label_bridge,"DLMn a,bは筋2線維を支配する1MN/側。DLMn c-fは4MN/側。論文MN1-5と個別一対一へ再番号付けしない。soma側と筋側は反対になり得る。"
1050045395,"DVMn 3a, b","DVMn 3a, b_R",vnc_motor,wm,R,,T1,PDMNa,162114.0,"DVMn 3a, b",,Traced,Reviewed,DVM3,間接飛翔動力筋・翅挙上。非同期伸張活性化でDLMと拮抗,AZE24,exact_type_label_bridge,文献の機能標本とMaleCNSは別個体。型名対応のみで生理を同定しない。
1050074465,MNad15,MNad15_R,vnc_motor,ad,R,,A6,AbN4,,MNad15,,Traced,Reviewed,unassigned,腹部/尾端注釈のみ。具体的筋/作用未同定,MANC;BANC26,annotation_only,型名/出神経のみから具体的筋や作用を推定しない。
1050211750,"MNnm07,MNnm12","MNnm07,MNnm12_R",vnc_motor,nm,R,,T1,DProN,18717.0,"MNnm07,MNnm12",,Traced,Reviewed,unassigned,頸部注釈のみ。具体的筋/作用未同定,GOR24;BANC26,annotation_only,型名/出神経のみから具体的筋や作用を推定しない。
