direction,target_bodyId,target_type,observation_source,threshold,edge_count,weight,weightHP,weightHR,weight_fraction_of_t1,all_relationship_edges,excluded_missing_weight_edges,excluded_below1_edges
incoming,10045,DNg100,additional,1,1870,21592,19094,21592,1.0,1870,0,0
incoming,10045,DNg100,additional,3,586,20059,17826,20059,0.9290014820303816,1870,0,0
incoming,10045,DNg100,additional,5,408,19453,17340,19453,0.9009355316783995,1870,0,0
incoming,10045,DNg100,additional,10,269,18560,16592,18560,0.8595776213412375,1870,0,0
incoming,10056,DNg100,additional,1,2023,21477,18858,21477,1.0,2023,0,0
incoming,10056,DNg100,additional,3,596,19767,17473,19767,0.9203799413325884,2023,0,0
incoming,10056,DNg100,additional,5,414,19150,16976,19150,0.891651534199376,2023,0,0
incoming,10056,DNg100,additional,10,277,18279,16236,18279,0.851096521860595,2023,0,0
incoming,10065,DNb05,additional,1,1960,18613,17437,18613,1.0,1960,0,0
incoming,10065,DNb05,additional,3,793,17182,16160,17182,0.9231182506850051,1960,0,0
incoming,10065,DNb05,additional,5,570,16428,15484,16428,0.8826089292430022,1960,0,0
incoming,10065,DNb05,additional,10,375,15122,14272,15122,0.8124429162413367,1960,0,0
incoming,10118,DNb05,additional,1,2065,17938,16874,17938,1.0,2065,0,0
incoming,10118,DNb05,additional,3,834,16439,15535,16439,0.916434385104248,2065,0,0
incoming,10118,DNb05,additional,5,620,15715,14868,15715,0.8760731408183744,2065,0,0
incoming,10118,DNb05,additional,10,401,14287,13543,14287,0.7964656037462371,2065,0,0
incoming,10124,DNg105,previous_six,1,1207,15435,13910,15435,1.0,1207,0,0
incoming,10124,DNg105,previous_six,3,458,14497,13138,14497,0.9392290249433106,1207,0,0
incoming,10124,DNg105,previous_six,5,327,14060,12763,14060,0.9109167476514415,1207,0,0
incoming,10124,DNg105,previous_six,10,207,13284,12088,13284,0.8606413994169096,1207,0,0
incoming,10131,DNg74_a,additional,1,1989,20868,19193,20868,1.0,1989,0,0
incoming,10131,DNg74_a,additional,3,677,19242,17762,19242,0.9220816561242093,1989,0,0
incoming,10131,DNg74_a,additional,5,488,18611,17198,18611,0.8918439716312057,1989,0,0
incoming,10131,DNg74_a,additional,10,303,17425,16130,17425,0.835010542457351,1989,0,0
incoming,10360,DNa02,additional,1,1741,24830,22877,24830,1.0,1741,0,0
incoming,10360,DNa02,additional,3,751,23620,21815,23620,0.9512686266612969,1741,0,0
incoming,10360,DNa02,additional,5,584,23052,21316,23052,0.9283930728956907,1741,0,0
incoming,10360,DNa02,additional,10,385,21771,20167,21771,0.8768022553362868,1741,0,0
incoming,10520,DNg74_b,additional,1,1151,12447,11072,12447,1.0,1151,0,0
incoming,10520,DNg74_b,additional,3,409,11543,10306,11543,0.9273720575239014,1151,0,0
incoming,10520,DNg74_b,additional,5,298,11161,9982,11161,0.8966819313890897,1151,0,0
incoming,10520,DNg74_b,additional,10,195,10502,9406,10502,0.8437374467743232,1151,0,0
incoming,10717,DNg93,additional,1,897,6352,5532,6352,1.0,897,0,0
incoming,10717,DNg93,additional,3,303,5624,4935,5624,0.8853904282115869,897,0,0
incoming,10717,DNg93,additional,5,204,5294,4666,5294,0.8334382871536524,897,0,0
incoming,10717,DNg93,additional,10,134,4831,4272,4831,0.7605478589420654,897,0,0
incoming,10734,DNg93,previous_six,1,929,7335,6330,7335,1.0,929,0,0
incoming,10734,DNg93,previous_six,3,309,6580,5733,6580,0.8970688479890934,929,0,0
incoming,10734,DNg93,previous_six,5,212,6249,5467,6249,0.8519427402862986,929,0,0
incoming,10734,DNg93,previous_six,10,137,5752,5051,5752,0.7841854124062713,929,0,0
incoming,10760,DNa01,additional,1,1121,13804,12367,13804,1.0,1121,0,0
incoming,10760,DNa01,additional,3,432,12933,11637,12933,0.9369023471457548,1121,0,0
incoming,10760,DNa01,additional,5,309,12512,11288,12512,0.9064039408866995,1121,0,0
incoming,10760,DNa01,additional,10,209,11865,10723,11865,0.8595334685598377,1121,0,0
incoming,11067,DNb06,additional,1,265,876,770,876,1.0,265,0,0
incoming,11067,DNb06,additional,3,60,637,573,637,0.7271689497716894,265,0,0
incoming,11067,DNb06,additional,5,28,530,486,530,0.6050228310502284,265,0,0
incoming,11067,DNb06,additional,10,16,459,423,459,0.523972602739726,265,0,0
incoming,11074,DNg13,additional,1,866,6500,5728,6500,1.0,866,0,0
incoming,11074,DNg13,additional,3,343,5838,5210,5838,0.8981538461538462,866,0,0
incoming,11074,DNg13,additional,5,247,5517,4946,5517,0.8487692307692307,866,0,0
incoming,11074,DNg13,additional,10,150,4862,4380,4862,0.748,866,0,0
incoming,13130,DNg105,additional,1,1389,15276,13772,15276,1.0,1389,0,0
incoming,13130,DNg105,additional,3,566,14262,12912,14262,0.9336213668499608,1389,0,0
incoming,13130,DNg105,additional,5,380,13629,12357,13629,0.8921838177533385,1389,0,0
incoming,13130,DNg105,additional,10,231,12675,11521,12675,0.829732914375491,1389,0,0
incoming,13805,DNg97,additional,1,1522,18330,16759,18330,1.0,1522,0,0
incoming,13805,DNg97,additional,3,656,17265,15799,17265,0.94189852700491,1522,0,0
incoming,13805,DNg97,additional,5,490,16708,15299,16708,0.9115111838516093,1522,0,0
incoming,13805,DNg97,additional,10,346,15761,14444,15761,0.859847244953628,1522,0,0
incoming,188093,"SApp06,SApp15",additional,1,52,193,182,193,1.0,52,0,0
incoming,188093,"SApp06,SApp15",additional,3,17,149,146,149,0.772020725388601,52,0,0
incoming,188093,"SApp06,SApp15",additional,5,11,130,127,130,0.6735751295336787,52,0,0
incoming,188093,"SApp06,SApp15",additional,10,5,91,88,91,0.47150259067357514,52,0,0
incoming,230783,DNg97,additional,1,1501,17959,16340,17959,1.0,1501,0,0
incoming,230783,DNg97,additional,3,621,16888,15387,16888,0.9403641628153016,1501,0,0
incoming,230783,DNg97,additional,5,477,16409,14959,16409,0.9136922991257865,1501,0,0
incoming,230783,DNg97,additional,10,320,15397,14068,15397,0.8573417228130742,1501,0,0
incoming,522975,ANXXX006,additional,1,799,4825,4291,4825,1.0,799,0,0
incoming,522975,ANXXX006,additional,3,242,4149,3700,4149,0.8598963730569948,799,0,0
incoming,522975,ANXXX006,additional,5,161,3874,3457,3874,0.8029015544041451,799,0,0
incoming,522975,ANXXX006,additional,10,106,3510,3137,3510,0.7274611398963731,799,0,0
incoming,523769,DNa02,additional,1,1627,24527,22594,24527,1.0,1627,0,0
incoming,523769,DNa02,additional,3,721,23429,21645,23429,0.9552330085212215,1627,0,0
incoming,523769,DNa02,additional,5,559,22885,21164,22885,0.9330533697557793,1627,0,0
incoming,523769,DNa02,additional,10,387,21749,20151,21749,0.8867370652750031,1627,0,0
incoming,800099,DNge079,additional,1,1348,13208,11658,13208,1.0,1348,0,0
incoming,800099,DNge079,additional,3,452,12087,10741,12087,0.9151271956390067,1348,0,0
incoming,800099,DNge079,additional,5,312,11613,10338,11613,0.8792398546335555,1348,0,0
incoming,800099,DNge079,additional,10,195,10836,9681,10836,0.8204118715929739,1348,0,0
incoming,800347,IN21A001,additional,1,596,4921,4340,4921,1.0,596,0,0
incoming,800347,IN21A001,additional,3,206,4447,3930,4447,0.90367811420443,596,0,0
incoming,800347,IN21A001,additional,5,137,4214,3745,4214,0.8563300142247511,596,0,0
incoming,800347,IN21A001,additional,10,91,3908,3491,3908,0.7941475309896363,596,0,0
incoming,800452,IN19A016,additional,1,622,6373,5747,6373,1.0,622,0,0
incoming,800452,IN19A016,additional,3,308,5981,5410,5981,0.9384905068256708,622,0,0
incoming,800452,IN19A016,additional,5,222,5691,5165,5691,0.8929860348344578,622,0,0
incoming,800452,IN19A016,additional,10,140,5136,4671,5136,0.8058998901616193,622,0,0
incoming,800461,IN19A003,additional,1,1007,13756,12384,13756,1.0,1007,0,0
incoming,800461,IN19A003,additional,3,437,13040,11760,13040,0.9479499854608898,1007,0,0
incoming,800461,IN19A003,additional,5,326,12664,11443,12664,0.9206164582727537,1007,0,0
incoming,800461,IN19A003,additional,10,219,11957,10813,11957,0.869220703692934,1007,0,0
incoming,800527,IN19A005,additional,1,1054,9805,8778,9805,1.0,1054,0,0
incoming,800527,IN19A005,additional,3,423,9019,8104,9019,0.9198368179500255,1054,0,0
incoming,800527,IN19A005,additional,5,287,8556,7709,8556,0.8726160122386537,1054,0,0
incoming,800527,IN19A005,additional,10,195,7952,7177,7952,0.8110147883732789,1054,0,0
incoming,800596,IN19A003,additional,1,959,11267,10026,11267,1.0,959,0,0
incoming,800596,IN19A003,additional,3,405,10594,9446,10594,0.9402680394071181,959,0,0
incoming,800596,IN19A003,additional,5,298,10233,9145,10233,0.9082275672317387,959,0,0
incoming,800596,IN19A003,additional,10,189,9496,8498,9496,0.8428153013224461,959,0,0
incoming,800622,IN19A003,additional,1,949,11492,10257,11492,1.0,949,0,0
incoming,800622,IN19A003,additional,3,383,10801,9670,10801,0.9398712147580925,949,0,0
incoming,800622,IN19A003,additional,5,277,10436,9352,10436,0.9081099895579534,949,0,0
incoming,800622,IN19A003,additional,10,188,9860,8850,9860,0.8579881656804734,949,0,0
incoming,800650,IN21A001,additional,1,943,8976,7770,8976,1.0,943,0,0
incoming,800650,IN21A001,additional,3,382,8276,7180,8276,0.9220142602495544,943,0,0
incoming,800650,IN21A001,additional,5,258,7859,6837,7859,0.8755570409982175,943,0,0
incoming,800650,IN21A001,additional,10,173,7309,6388,7309,0.8142825311942959,943,0,0
incoming,800687,IN19A003,previous_six,1,884,11154,10037,11154,1.0,884,0,0
incoming,800687,IN19A003,previous_six,3,393,10548,9525,10548,0.9456697149004841,884,0,0
incoming,800687,IN19A003,previous_six,5,275,10155,9184,10155,0.9104357181280258,884,0,0
incoming,800687,IN19A003,previous_six,10,189,9599,8696,9599,0.8605881298188991,884,0,0
incoming,800736,IN03A010,previous_six,1,379,3806,3312,3806,1.0,379,0,0
incoming,800736,IN03A010,previous_six,3,159,3534,3105,3534,0.928533893851813,379,0,0
incoming,800736,IN03A010,previous_six,5,114,3381,2982,3381,0.8883342091434577,379,0,0
incoming,800736,IN03A010,previous_six,10,70,3087,2727,3087,0.8110877561744614,379,0,0
incoming,800892,IN06B013,additional,1,1088,8707,8039,8707,1.0,1088,0,0
incoming,800892,IN06B013,additional,3,443,7894,7327,7894,0.9066268519581946,1088,0,0
incoming,800892,IN06B013,additional,5,313,7455,6933,7455,0.8562076490180315,1088,0,0
incoming,800892,IN06B013,additional,10,193,6665,6212,6665,0.7654760537498564,1088,0,0
incoming,801214,LBL40,additional,1,444,5045,4474,5045,1.0,444,0,0
incoming,801214,LBL40,additional,3,160,4706,4199,4706,0.932804757185332,444,0,0
incoming,801214,LBL40,additional,5,114,4548,4061,4548,0.9014866204162537,444,0,0
incoming,801214,LBL40,additional,10,75,4283,3828,4283,0.8489593657086224,444,0,0
incoming,801246,LBL40,additional,1,533,5604,5030,5604,1.0,533,0,0
incoming,801246,LBL40,additional,3,197,5189,4686,5189,0.9259457530335474,533,0,0
incoming,801246,LBL40,additional,5,140,4995,4521,4995,0.8913276231263383,533,0,0
incoming,801246,LBL40,additional,10,89,4646,4197,4646,0.8290506780870807,533,0,0
incoming,801526,IN19A022,additional,1,980,7391,6617,7391,1.0,980,0,0
incoming,801526,IN19A022,additional,3,390,6649,5974,6649,0.8996076309024489,980,0,0
incoming,801526,IN19A022,additional,5,263,6216,5598,6216,0.841022865647409,980,0,0
incoming,801526,IN19A022,additional,10,153,5487,4945,5487,0.7423893925043973,980,0,0
incoming,801747,IN19A013,previous_six,1,657,5088,4322,5088,1.0,657,0,0
incoming,801747,IN19A013,previous_six,3,279,4618,3949,4618,0.907625786163522,657,0,0
incoming,801747,IN19A013,previous_six,5,203,4369,3747,4369,0.858687106918239,657,0,0
incoming,801747,IN19A013,previous_six,10,123,3835,3313,3835,0.7537342767295597,657,0,0
incoming,803658,IN17A039,additional,1,654,4674,4172,4674,1.0,654,0,0
incoming,803658,IN17A039,additional,3,319,4246,3797,4246,0.9084296106118956,654,0,0
incoming,803658,IN17A039,additional,5,218,3899,3489,3899,0.8341891313649978,654,0,0
incoming,803658,IN17A039,additional,10,127,3279,2937,3279,0.7015404364569962,654,0,0
incoming,804975,SNpp45,additional,1,130,322,292,322,1.0,130,0,0
incoming,804975,SNpp45,additional,3,28,195,175,195,0.6055900621118012,130,0,0
incoming,804975,SNpp45,additional,5,10,137,124,137,0.4254658385093168,130,0,0
incoming,804975,SNpp45,additional,10,5,109,99,109,0.3385093167701863,130,0,0
incoming,805054,IN03A024,previous_six,1,342,1354,1168,1354,1.0,342,0,0
incoming,805054,IN03A024,previous_six,3,106,1076,937,1076,0.794682422451994,342,0,0
incoming,805054,IN03A024,previous_six,5,70,954,836,954,0.7045790251107829,342,0,0
incoming,805054,IN03A024,previous_six,10,41,764,672,764,0.5642540620384048,342,0,0
incoming,805405,IN17A033,additional,1,474,2722,2306,2722,1.0,474,0,0
incoming,805405,IN17A033,additional,3,200,2376,2025,2376,0.8728875826598089,474,0,0
incoming,805405,IN17A033,additional,5,144,2191,1866,2191,0.804922850844967,474,0,0
incoming,805405,IN17A033,additional,10,85,1811,1545,1811,0.6653196179279941,474,0,0
incoming,902427,IN19A013,additional,1,800,6943,5987,6943,1.0,800,0,0
incoming,902427,IN19A013,additional,3,351,6384,5529,6384,0.9194872533486965,800,0,0
incoming,902427,IN19A013,additional,5,247,6043,5250,6043,0.870373037591819,800,0,0
incoming,902427,IN19A013,additional,10,163,5504,4795,5504,0.7927408901051418,800,0,0
incoming,912067,IN18B048,additional,1,92,287,242,287,1.0,92,0,0
incoming,912067,IN18B048,additional,3,32,217,189,217,0.7560975609756098,92,0,0
incoming,912067,IN18B048,additional,5,18,172,152,172,0.5993031358885017,92,0,0
incoming,912067,IN18B048,additional,10,5,80,69,80,0.2787456445993031,92,0,0
outgoing,10045,DNg100,additional,1,26759,51033,43132,51033,1.0,26759,0,0
outgoing,10045,DNg100,additional,3,2555,20865,17957,20865,0.40885309505614015,26759,0,0
outgoing,10045,DNg100,additional,5,741,15032,13164,15032,0.29455450394842553,26759,0,0
outgoing,10045,DNg100,additional,10,360,12641,11137,12641,0.2477024670311367,26759,0,0
outgoing,10056,DNg100,additional,1,27118,55262,46720,55262,1.0,27118,0,0
outgoing,10056,DNg100,additional,3,3099,24422,21056,24422,0.44193116427201334,27118,0,0
outgoing,10056,DNg100,additional,5,849,17181,15110,17181,0.31090079982628205,27118,0,0
outgoing,10056,DNg100,additional,10,411,14452,12784,14452,0.26151786037421737,27118,0,0
outgoing,10065,DNb05,additional,1,11525,22647,19527,22647,1.0,11525,0,0
outgoing,10065,DNb05,additional,3,1211,9819,8703,9819,0.43356735991522055,11525,0,0
outgoing,10065,DNb05,additional,5,403,7205,6501,7205,0.318143683490087,11525,0,0
outgoing,10065,DNb05,additional,10,200,5906,5371,5906,0.2607850929482934,11525,0,0
outgoing,10118,DNb05,additional,1,11300,22662,19537,22662,1.0,11300,0,0
outgoing,10118,DNb05,additional,3,1199,10117,8996,10117,0.4464301473832848,11300,0,0
outgoing,10118,DNb05,additional,5,396,7531,6814,7531,0.33231841849792604,11300,0,0
outgoing,10118,DNb05,additional,10,217,6396,5817,6396,0.282234577707175,11300,0,0
outgoing,10124,DNg105,previous_six,1,11806,22265,19369,22265,1.0,11806,0,0
outgoing,10124,DNg105,previous_six,3,927,9555,8490,9555,0.42914888838984955,11806,0,0
outgoing,10124,DNg105,previous_six,5,317,7559,6755,7559,0.33950145969009654,11806,0,0
outgoing,10124,DNg105,previous_six,10,139,6486,5808,6486,0.2913092297327644,11806,0,0
outgoing,10131,DNg74_a,additional,1,23174,42894,37369,42894,1.0,23174,0,0
outgoing,10131,DNg74_a,additional,3,1632,17627,15722,17627,0.4109432554669651,23174,0,0
outgoing,10131,DNg74_a,additional,5,715,14656,13174,14656,0.3416794889728167,23174,0,0
outgoing,10131,DNg74_a,additional,10,397,12575,11344,12575,0.2931645451578309,23174,0,0
outgoing,10360,DNa02,additional,1,11784,23488,19860,23488,1.0,11784,0,0
outgoing,10360,DNa02,additional,3,1343,10215,8847,10215,0.43490292915531337,11784,0,0
outgoing,10360,DNa02,additional,5,344,6984,6165,6984,0.2973433242506812,11784,0,0
outgoing,10360,DNa02,additional,10,159,5849,5184,5849,0.2490207765667575,11784,0,0
outgoing,10520,DNg74_b,additional,1,15835,30294,26098,30294,1.0,15835,0,0
outgoing,10520,DNg74_b,additional,3,1518,13098,11524,13098,0.43236284412755,15835,0,0
outgoing,10520,DNg74_b,additional,5,602,10120,8960,10120,0.33405954974582425,15835,0,0
outgoing,10520,DNg74_b,additional,10,301,8174,7297,8174,0.26982240707730903,15835,0,0
outgoing,10717,DNg93,additional,1,12057,25655,22315,25655,1.0,12057,0,0
outgoing,10717,DNg93,additional,3,1302,12660,11290,12660,0.49347105827324106,12057,0,0
outgoing,10717,DNg93,additional,5,441,9837,8849,9837,0.3834340284544923,12057,0,0
outgoing,10717,DNg93,additional,10,224,8498,7672,8498,0.3312414733969986,12057,0,0
outgoing,10734,DNg93,previous_six,1,10933,22786,19839,22786,1.0,10933,0,0
outgoing,10734,DNg93,previous_six,3,995,10984,9805,10984,0.4820503818133942,10933,0,0
outgoing,10734,DNg93,previous_six,5,358,8919,8001,8919,0.3914245589396998,10933,0,0
outgoing,10734,DNg93,previous_six,10,202,7957,7172,7957,0.3492056525936979,10933,0,0
outgoing,10760,DNa01,additional,1,11296,19688,17005,19688,1.0,11296,0,0
outgoing,10760,DNa01,additional,3,887,7123,6272,7123,0.36179398618447783,11296,0,0
outgoing,10760,DNa01,additional,5,266,5118,4554,5118,0.2599553027224705,11296,0,0
outgoing,10760,DNa01,additional,10,138,4309,3848,4309,0.2188642828118651,11296,0,0
outgoing,11067,DNb06,additional,1,6888,13518,11456,13518,1.0,6888,0,0
outgoing,11067,DNb06,additional,3,838,5930,5134,5930,0.43867436011244265,6888,0,0
outgoing,11067,DNb06,additional,5,276,4106,3624,4106,0.30374315727178575,6888,0,0
outgoing,11067,DNb06,additional,10,124,3163,2815,3163,0.2339843172066874,6888,0,0
outgoing,11074,DNg13,additional,1,8249,15479,13119,15479,1.0,8249,0,0
outgoing,11074,DNg13,additional,3,838,6241,5357,6241,0.4031914206344079,8249,0,0
outgoing,11074,DNg13,additional,5,228,4256,3707,4256,0.274953162348989,8249,0,0
outgoing,11074,DNg13,additional,10,101,3492,3086,3492,0.22559596873183022,8249,0,0
outgoing,13130,DNg105,additional,1,13023,25737,22410,25737,1.0,13023,0,0
outgoing,13130,DNg105,additional,3,1260,11843,10548,11843,0.4601546411780705,13023,0,0
outgoing,13130,DNg105,additional,5,422,9091,8162,9091,0.3532268718187823,13023,0,0
outgoing,13130,DNg105,additional,10,172,7563,6804,7563,0.29385709290127054,13023,0,0
outgoing,13805,DNg97,additional,1,14400,24627,20862,24627,1.0,14400,0,0
outgoing,13805,DNg97,additional,3,987,8555,7394,8555,0.34738295366873756,14400,0,0
outgoing,13805,DNg97,additional,5,346,6491,5702,6491,0.26357250172574814,14400,0,0
outgoing,13805,DNg97,additional,10,177,5440,4834,5440,0.2208957648109798,14400,0,0
outgoing,188093,"SApp06,SApp15",additional,1,761,1436,1194,1436,1.0,761,0,0
outgoing,188093,"SApp06,SApp15",additional,3,97,592,507,592,0.41225626740947074,761,0,0
outgoing,188093,"SApp06,SApp15",additional,5,40,401,351,401,0.27924791086350975,761,0,0
outgoing,188093,"SApp06,SApp15",additional,10,17,260,232,260,0.181058495821727,761,0,0
outgoing,230783,DNg97,additional,1,13440,25021,21169,25021,1.0,13440,0,0
outgoing,230783,DNg97,additional,3,1091,10005,8629,10005,0.39986411414411893,13440,0,0
outgoing,230783,DNg97,additional,5,384,7717,6748,7717,0.3084209264218057,13440,0,0
outgoing,230783,DNg97,additional,10,194,6557,5791,6557,0.26205986970944406,13440,0,0
outgoing,522975,ANXXX006,additional,1,8229,17171,14615,17171,1.0,8229,0,0
outgoing,522975,ANXXX006,additional,3,918,8147,7099,8147,0.4744627569739677,8229,0,0
outgoing,522975,ANXXX006,additional,5,275,6049,5351,6049,0.3522800069885272,8229,0,0
outgoing,522975,ANXXX006,additional,10,124,5118,4553,5118,0.29806068371090794,8229,0,0
outgoing,523769,DNa02,additional,1,11793,24134,20548,24134,1.0,11793,0,0
outgoing,523769,DNa02,additional,3,1498,11048,9569,11048,0.45777740946382695,11793,0,0
outgoing,523769,DNa02,additional,5,406,7509,6604,7509,0.31113781387254497,11793,0,0
outgoing,523769,DNa02,additional,10,174,6136,5432,6136,0.2542471202452971,11793,0,0
outgoing,800099,DNge079,additional,1,11660,25950,22661,25950,1.0,11660,0,0
outgoing,800099,DNge079,additional,3,1383,13402,11911,13402,0.5164547206165703,11660,0,0
outgoing,800099,DNge079,additional,5,491,10475,9360,10475,0.40366088631984587,11660,0,0
outgoing,800099,DNge079,additional,10,226,8850,7915,8850,0.34104046242774566,11660,0,0
outgoing,800347,IN21A001,additional,1,3509,6346,5740,6346,1.0,3509,0,0
outgoing,800347,IN21A001,additional,3,180,2493,2338,2493,0.3928458871730224,3509,0,0
outgoing,800347,IN21A001,additional,5,49,2070,1959,2070,0.3261897258115348,3509,0,0
outgoing,800347,IN21A001,additional,10,27,1929,1829,1929,0.30397100535770566,3509,0,0
outgoing,800452,IN19A016,additional,1,2347,4744,4165,4744,1.0,2347,0,0
outgoing,800452,IN19A016,additional,3,126,2259,2033,2259,0.4761804384485666,2347,0,0
outgoing,800452,IN19A016,additional,5,47,2003,1813,2003,0.4222175379426644,2347,0,0
outgoing,800452,IN19A016,additional,10,27,1869,1695,1869,0.39397133220910624,2347,0,0
outgoing,800461,IN19A003,additional,1,4532,8151,7187,8151,1.0,4532,0,0
outgoing,800461,IN19A003,additional,3,155,3239,2932,3239,0.3973745552692921,4532,0,0
outgoing,800461,IN19A003,additional,5,56,2917,2657,2917,0.35787019997546315,4532,0,0
outgoing,800461,IN19A003,additional,10,35,2783,2531,2783,0.34143049932523617,4532,0,0
outgoing,800527,IN19A005,additional,1,4945,9570,8537,9570,1.0,4945,0,0
outgoing,800527,IN19A005,additional,3,255,4280,3911,4280,0.44723092998955066,4945,0,0
outgoing,800527,IN19A005,additional,5,95,3767,3451,3767,0.3936259143155695,4945,0,0
outgoing,800527,IN19A005,additional,10,49,3478,3190,3478,0.3634273772204807,4945,0,0
outgoing,800596,IN19A003,additional,1,4540,8419,7422,8419,1.0,4540,0,0
outgoing,800596,IN19A003,additional,3,192,3478,3149,3478,0.41311319634160826,4540,0,0
outgoing,800596,IN19A003,additional,5,61,3054,2780,3054,0.36275092053688085,4540,0,0
outgoing,800596,IN19A003,additional,10,34,2881,2619,2881,0.34220216177693313,4540,0,0
outgoing,800622,IN19A003,additional,1,4268,7897,7004,7897,1.0,4268,0,0
outgoing,800622,IN19A003,additional,3,167,3307,3026,3307,0.41876662023553246,4268,0,0
outgoing,800622,IN19A003,additional,5,56,2944,2700,2944,0.37279979739141444,4268,0,0
outgoing,800622,IN19A003,additional,10,22,2728,2497,2728,0.3454476383436748,4268,0,0
outgoing,800650,IN21A001,additional,1,3113,6956,6100,6956,1.0,3113,0,0
outgoing,800650,IN21A001,additional,3,319,3448,3129,3448,0.49568717653824035,3113,0,0
outgoing,800650,IN21A001,additional,5,91,2701,2478,2701,0.3882978723404255,3113,0,0
outgoing,800650,IN21A001,additional,10,38,2374,2196,2374,0.3412880966072455,3113,0,0
outgoing,800687,IN19A003,previous_six,1,4038,7509,6641,7509,1.0,4038,0,0
outgoing,800687,IN19A003,previous_six,3,145,3166,2850,3166,0.42162738047676124,4038,0,0
outgoing,800687,IN19A003,previous_six,5,55,2884,2590,2884,0.38407244639765614,4038,0,0
outgoing,800687,IN19A003,previous_six,10,29,2726,2458,2726,0.3630310294313491,4038,0,0
outgoing,800736,IN03A010,previous_six,1,3933,8464,7269,8464,1.0,3933,0,0
outgoing,800736,IN03A010,previous_six,3,377,4052,3516,4052,0.4787334593572779,3933,0,0
outgoing,800736,IN03A010,previous_six,5,117,3205,2824,3205,0.37866257088846883,3933,0,0
outgoing,800736,IN03A010,previous_six,10,58,2845,2537,2845,0.3361294896030246,3933,0,0
outgoing,800892,IN06B013,additional,1,3627,7884,7043,7884,1.0,3627,0,0
outgoing,800892,IN06B013,additional,3,301,4230,3939,4230,0.5365296803652968,3627,0,0
outgoing,800892,IN06B013,additional,5,176,3808,3568,3808,0.48300355149670215,3627,0,0
outgoing,800892,IN06B013,additional,10,92,3261,3081,3261,0.4136225266362253,3627,0,0
outgoing,801214,LBL40,additional,1,5014,8827,7421,8827,1.0,5014,0,0
outgoing,801214,LBL40,additional,3,358,3275,2813,3275,0.3710207318454741,5014,0,0
outgoing,801214,LBL40,additional,5,101,2436,2120,2436,0.2759714512291832,5014,0,0
outgoing,801214,LBL40,additional,10,52,2128,1864,2128,0.24107850911974624,5014,0,0
outgoing,801246,LBL40,additional,1,4640,8410,7143,8410,1.0,4640,0,0
outgoing,801246,LBL40,additional,3,403,3332,2881,3332,0.3961950059453032,4640,0,0
outgoing,801246,LBL40,additional,5,120,2413,2129,2413,0.28692033293697977,4640,0,0
outgoing,801246,LBL40,additional,10,56,2015,1785,2015,0.23959571938168847,4640,0,0
outgoing,801526,IN19A022,additional,1,2214,4748,4236,4748,1.0,2214,0,0
outgoing,801526,IN19A022,additional,3,140,2384,2187,2384,0.502106149957877,2214,0,0
outgoing,801526,IN19A022,additional,5,54,2102,1938,2102,0.44271272114574556,2214,0,0
outgoing,801526,IN19A022,additional,10,29,1952,1805,1952,0.4111204717775906,2214,0,0
outgoing,801747,IN19A013,previous_six,1,2827,5894,5133,5894,1.0,2827,0,0
outgoing,801747,IN19A013,previous_six,3,152,2820,2505,2820,0.47845266372582285,2827,0,0
outgoing,801747,IN19A013,previous_six,5,46,2475,2213,2475,0.4199185612487275,2827,0,0
outgoing,801747,IN19A013,previous_six,10,24,2325,2095,2325,0.39446895147607736,2827,0,0
outgoing,803658,IN17A039,additional,1,487,1312,1070,1312,1.0,487,0,0
outgoing,803658,IN17A039,additional,3,61,818,719,818,0.6234756097560976,487,0,0
outgoing,803658,IN17A039,additional,5,23,694,626,694,0.5289634146341463,487,0,0
outgoing,803658,IN17A039,additional,10,13,633,575,633,0.48246951219512196,487,0,0
outgoing,804975,SNpp45,additional,1,2307,4377,3618,4377,1.0,2307,0,0
outgoing,804975,SNpp45,additional,3,254,1754,1448,1754,0.40073109435686544,2307,0,0
outgoing,804975,SNpp45,additional,5,67,1151,974,1151,0.2629655014850354,2307,0,0
outgoing,804975,SNpp45,additional,10,34,947,812,947,0.21635823623486405,2307,0,0
outgoing,805054,IN03A024,previous_six,1,1180,3074,2622,3074,1.0,1180,0,0
outgoing,805054,IN03A024,previous_six,3,244,1820,1588,1820,0.5920624593363696,1180,0,0
outgoing,805054,IN03A024,previous_six,5,71,1243,1090,1243,0.4043591411841249,1180,0,0
outgoing,805054,IN03A024,previous_six,10,19,945,845,945,0.3074170461938842,1180,0,0
outgoing,805405,IN17A033,additional,1,433,1363,1115,1363,1.0,433,0,0
outgoing,805405,IN17A033,additional,3,83,934,811,934,0.6852531181217901,433,0,0
outgoing,805405,IN17A033,additional,5,38,784,692,784,0.5752017608217168,433,0,0
outgoing,805405,IN17A033,additional,10,14,626,578,626,0.45928099779897286,433,0,0
outgoing,902427,IN19A013,additional,1,2942,6169,5458,6169,1.0,2942,0,0
outgoing,902427,IN19A013,additional,3,153,2968,2694,2968,0.4811152536877938,2942,0,0
outgoing,902427,IN19A013,additional,5,53,2643,2411,2643,0.42843248500567355,2942,0,0
outgoing,902427,IN19A013,additional,10,29,2505,2292,2505,0.4060625709191117,2942,0,0
outgoing,912067,IN18B048,additional,1,472,1111,923,1111,1.0,472,0,0
outgoing,912067,IN18B048,additional,3,117,612,523,612,0.5508550855085509,472,0,0
outgoing,912067,IN18B048,additional,5,30,329,292,329,0.29612961296129614,472,0,0
outgoing,912067,IN18B048,additional,10,11,223,202,223,0.2007200720072007,472,0,0
